sim,incl_00,incl_10,incl_20,incl_30,incl_40,incl_50,incl_60,incl_70,incl_80,-vac1-ratio-00,-vac1-ratio-10,-vac1-ratio-20,-vac1-ratio-30,-vac1-ratio-40,-vac1-ratio-50,-vac1-ratio-60,-vac1-ratio-70,-vac1-ratio-80
0,0,0,0,0,0,0,0,0,0,0.0,0.0,0.0,0.0,0.0,0.0,0.0,0.0,0.0
1,0,0,0,0,0,0,0,0,1,0.0,0.0,0.0,0.0,0.0,0.0,0.0,0.0,1.0
2,0,0,0,0,0,0,0,1,0,0.0,0.0,0.0,0.0,0.0,0.0,0.0,1.0,0.0
3,0,0,0,0,0,0,0,1,1,0.0,0.0,0.0,0.0,0.0,0.0,0.0,0.5,0.5
4,0,0,0,0,0,0,1,0,0,0.0,0.0,0.0,0.0,0.0,0.0,1.0,0.0,0.0
5,0,0,0,0,0,0,1,0,1,0.0,0.0,0.0,0.0,0.0,0.0,0.5,0.0,0.5
6,0,0,0,0,0,0,1,1,0,0.0,0.0,0.0,0.0,0.0,0.0,0.5,0.5,0.0
7,0,0,0,0,0,0,1,1,1,0.0,0.0,0.0,0.0,0.0,0.0,0.3333333333333333,0.3333333333333333,0.3333333333333333
8,0,0,0,0,0,1,0,0,0,0.0,0.0,0.0,0.0,0.0,1.0,0.0,0.0,0.0
9,0,0,0,0,0,1,0,0,1,0.0,0.0,0.0,0.0,0.0,0.5,0.0,0.0,0.5
10,0,0,0,0,0,1,0,1,0,0.0,0.0,0.0,0.0,0.0,0.5,0.0,0.5,0.0
11,0,0,0,0,0,1,0,1,1,0.0,0.0,0.0,0.0,0.0,0.3333333333333333,0.0,0.3333333333333333,0.3333333333333333
12,0,0,0,0,0,1,1,0,0,0.0,0.0,0.0,0.0,0.0,0.5,0.5,0.0,0.0
13,0,0,0,0,0,1,1,0,1,0.0,0.0,0.0,0.0,0.0,0.3333333333333333,0.3333333333333333,0.0,0.3333333333333333
14,0,0,0,0,0,1,1,1,0,0.0,0.0,0.0,0.0,0.0,0.3333333333333333,0.3333333333333333,0.3333333333333333,0.0
15,0,0,0,0,0,1,1,1,1,0.0,0.0,0.0,0.0,0.0,0.25,0.25,0.25,0.25
16,0,0,0,0,1,0,0,0,0,0.0,0.0,0.0,0.0,1.0,0.0,0.0,0.0,0.0
17,0,0,0,0,1,0,0,0,1,0.0,0.0,0.0,0.0,0.5,0.0,0.0,0.0,0.5
18,0,0,0,0,1,0,0,1,0,0.0,0.0,0.0,0.0,0.5,0.0,0.0,0.5,0.0
19,0,0,0,0,1,0,0,1,1,0.0,0.0,0.0,0.0,0.3333333333333333,0.0,0.0,0.3333333333333333,0.3333333333333333
20,0,0,0,0,1,0,1,0,0,0.0,0.0,0.0,0.0,0.5,0.0,0.5,0.0,0.0
21,0,0,0,0,1,0,1,0,1,0.0,0.0,0.0,0.0,0.3333333333333333,0.0,0.3333333333333333,0.0,0.3333333333333333
22,0,0,0,0,1,0,1,1,0,0.0,0.0,0.0,0.0,0.3333333333333333,0.0,0.3333333333333333,0.3333333333333333,0.0
23,0,0,0,0,1,0,1,1,1,0.0,0.0,0.0,0.0,0.25,0.0,0.25,0.25,0.25
24,0,0,0,0,1,1,0,0,0,0.0,0.0,0.0,0.0,0.5,0.5,0.0,0.0,0.0
25,0,0,0,0,1,1,0,0,1,0.0,0.0,0.0,0.0,0.3333333333333333,0.3333333333333333,0.0,0.0,0.3333333333333333
26,0,0,0,0,1,1,0,1,0,0.0,0.0,0.0,0.0,0.3333333333333333,0.3333333333333333,0.0,0.3333333333333333,0.0
27,0,0,0,0,1,1,0,1,1,0.0,0.0,0.0,0.0,0.25,0.25,0.0,0.25,0.25
28,0,0,0,0,1,1,1,0,0,0.0,0.0,0.0,0.0,0.3333333333333333,0.3333333333333333,0.3333333333333333,0.0,0.0
29,0,0,0,0,1,1,1,0,1,0.0,0.0,0.0,0.0,0.25,0.25,0.25,0.0,0.25
30,0,0,0,0,1,1,1,1,0,0.0,0.0,0.0,0.0,0.25,0.25,0.25,0.25,0.0
31,0,0,0,0,1,1,1,1,1,0.0,0.0,0.0,0.0,0.2,0.2,0.2,0.2,0.2
32,0,0,0,1,0,0,0,0,0,0.0,0.0,0.0,1.0,0.0,0.0,0.0,0.0,0.0
33,0,0,0,1,0,0,0,0,1,0.0,0.0,0.0,0.5,0.0,0.0,0.0,0.0,0.5
34,0,0,0,1,0,0,0,1,0,0.0,0.0,0.0,0.5,0.0,0.0,0.0,0.5,0.0
35,0,0,0,1,0,0,0,1,1,0.0,0.0,0.0,0.3333333333333333,0.0,0.0,0.0,0.3333333333333333,0.3333333333333333
36,0,0,0,1,0,0,1,0,0,0.0,0.0,0.0,0.5,0.0,0.0,0.5,0.0,0.0
37,0,0,0,1,0,0,1,0,1,0.0,0.0,0.0,0.3333333333333333,0.0,0.0,0.3333333333333333,0.0,0.3333333333333333
38,0,0,0,1,0,0,1,1,0,0.0,0.0,0.0,0.3333333333333333,0.0,0.0,0.3333333333333333,0.3333333333333333,0.0
39,0,0,0,1,0,0,1,1,1,0.0,0.0,0.0,0.25,0.0,0.0,0.25,0.25,0.25
40,0,0,0,1,0,1,0,0,0,0.0,0.0,0.0,0.5,0.0,0.5,0.0,0.0,0.0
41,0,0,0,1,0,1,0,0,1,0.0,0.0,0.0,0.3333333333333333,0.0,0.3333333333333333,0.0,0.0,0.3333333333333333
42,0,0,0,1,0,1,0,1,0,0.0,0.0,0.0,0.3333333333333333,0.0,0.3333333333333333,0.0,0.3333333333333333,0.0
43,0,0,0,1,0,1,0,1,1,0.0,0.0,0.0,0.25,0.0,0.25,0.0,0.25,0.25
44,0,0,0,1,0,1,1,0,0,0.0,0.0,0.0,0.3333333333333333,0.0,0.3333333333333333,0.3333333333333333,0.0,0.0
45,0,0,0,1,0,1,1,0,1,0.0,0.0,0.0,0.25,0.0,0.25,0.25,0.0,0.25
46,0,0,0,1,0,1,1,1,0,0.0,0.0,0.0,0.25,0.0,0.25,0.25,0.25,0.0
47,0,0,0,1,0,1,1,1,1,0.0,0.0,0.0,0.2,0.0,0.2,0.2,0.2,0.2
48,0,0,0,1,1,0,0,0,0,0.0,0.0,0.0,0.5,0.5,0.0,0.0,0.0,0.0
49,0,0,0,1,1,0,0,0,1,0.0,0.0,0.0,0.3333333333333333,0.3333333333333333,0.0,0.0,0.0,0.3333333333333333
50,0,0,0,1,1,0,0,1,0,0.0,0.0,0.0,0.3333333333333333,0.3333333333333333,0.0,0.0,0.3333333333333333,0.0
51,0,0,0,1,1,0,0,1,1,0.0,0.0,0.0,0.25,0.25,0.0,0.0,0.25,0.25
52,0,0,0,1,1,0,1,0,0,0.0,0.0,0.0,0.3333333333333333,0.3333333333333333,0.0,0.3333333333333333,0.0,0.0
53,0,0,0,1,1,0,1,0,1,0.0,0.0,0.0,0.25,0.25,0.0,0.25,0.0,0.25
54,0,0,0,1,1,0,1,1,0,0.0,0.0,0.0,0.25,0.25,0.0,0.25,0.25,0.0
55,0,0,0,1,1,0,1,1,1,0.0,0.0,0.0,0.2,0.2,0.0,0.2,0.2,0.2
56,0,0,0,1,1,1,0,0,0,0.0,0.0,0.0,0.3333333333333333,0.3333333333333333,0.3333333333333333,0.0,0.0,0.0
57,0,0,0,1,1,1,0,0,1,0.0,0.0,0.0,0.25,0.25,0.25,0.0,0.0,0.25
58,0,0,0,1,1,1,0,1,0,0.0,0.0,0.0,0.25,0.25,0.25,0.0,0.25,0.0
59,0,0,0,1,1,1,0,1,1,0.0,0.0,0.0,0.2,0.2,0.2,0.0,0.2,0.2
60,0,0,0,1,1,1,1,0,0,0.0,0.0,0.0,0.25,0.25,0.25,0.25,0.0,0.0
61,0,0,0,1,1,1,1,0,1,0.0,0.0,0.0,0.2,0.2,0.2,0.2,0.0,0.2
62,0,0,0,1,1,1,1,1,0,0.0,0.0,0.0,0.2,0.2,0.2,0.2,0.2,0.0
63,0,0,0,1,1,1,1,1,1,0.0,0.0,0.0,0.16666666666666666,0.16666666666666666,0.16666666666666666,0.16666666666666666,0.16666666666666666,0.16666666666666666
64,0,0,1,0,0,0,0,0,0,0.0,0.0,1.0,0.0,0.0,0.0,0.0,0.0,0.0
65,0,0,1,0,0,0,0,0,1,0.0,0.0,0.5,0.0,0.0,0.0,0.0,0.0,0.5
66,0,0,1,0,0,0,0,1,0,0.0,0.0,0.5,0.0,0.0,0.0,0.0,0.5,0.0
67,0,0,1,0,0,0,0,1,1,0.0,0.0,0.3333333333333333,0.0,0.0,0.0,0.0,0.3333333333333333,0.3333333333333333
68,0,0,1,0,0,0,1,0,0,0.0,0.0,0.5,0.0,0.0,0.0,0.5,0.0,0.0
69,0,0,1,0,0,0,1,0,1,0.0,0.0,0.3333333333333333,0.0,0.0,0.0,0.3333333333333333,0.0,0.3333333333333333
70,0,0,1,0,0,0,1,1,0,0.0,0.0,0.3333333333333333,0.0,0.0,0.0,0.3333333333333333,0.3333333333333333,0.0
71,0,0,1,0,0,0,1,1,1,0.0,0.0,0.25,0.0,0.0,0.0,0.25,0.25,0.25
72,0,0,1,0,0,1,0,0,0,0.0,0.0,0.5,0.0,0.0,0.5,0.0,0.0,0.0
73,0,0,1,0,0,1,0,0,1,0.0,0.0,0.3333333333333333,0.0,0.0,0.3333333333333333,0.0,0.0,0.3333333333333333
74,0,0,1,0,0,1,0,1,0,0.0,0.0,0.3333333333333333,0.0,0.0,0.3333333333333333,0.0,0.3333333333333333,0.0
75,0,0,1,0,0,1,0,1,1,0.0,0.0,0.25,0.0,0.0,0.25,0.0,0.25,0.25
76,0,0,1,0,0,1,1,0,0,0.0,0.0,0.3333333333333333,0.0,0.0,0.3333333333333333,0.3333333333333333,0.0,0.0
77,0,0,1,0,0,1,1,0,1,0.0,0.0,0.25,0.0,0.0,0.25,0.25,0.0,0.25
78,0,0,1,0,0,1,1,1,0,0.0,0.0,0.25,0.0,0.0,0.25,0.25,0.25,0.0
79,0,0,1,0,0,1,1,1,1,0.0,0.0,0.2,0.0,0.0,0.2,0.2,0.2,0.2
80,0,0,1,0,1,0,0,0,0,0.0,0.0,0.5,0.0,0.5,0.0,0.0,0.0,0.0
81,0,0,1,0,1,0,0,0,1,0.0,0.0,0.3333333333333333,0.0,0.3333333333333333,0.0,0.0,0.0,0.3333333333333333
82,0,0,1,0,1,0,0,1,0,0.0,0.0,0.3333333333333333,0.0,0.3333333333333333,0.0,0.0,0.3333333333333333,0.0
83,0,0,1,0,1,0,0,1,1,0.0,0.0,0.25,0.0,0.25,0.0,0.0,0.25,0.25
84,0,0,1,0,1,0,1,0,0,0.0,0.0,0.3333333333333333,0.0,0.3333333333333333,0.0,0.3333333333333333,0.0,0.0
85,0,0,1,0,1,0,1,0,1,0.0,0.0,0.25,0.0,0.25,0.0,0.25,0.0,0.25
86,0,0,1,0,1,0,1,1,0,0.0,0.0,0.25,0.0,0.25,0.0,0.25,0.25,0.0
87,0,0,1,0,1,0,1,1,1,0.0,0.0,0.2,0.0,0.2,0.0,0.2,0.2,0.2
88,0,0,1,0,1,1,0,0,0,0.0,0.0,0.3333333333333333,0.0,0.3333333333333333,0.3333333333333333,0.0,0.0,0.0
89,0,0,1,0,1,1,0,0,1,0.0,0.0,0.25,0.0,0.25,0.25,0.0,0.0,0.25
90,0,0,1,0,1,1,0,1,0,0.0,0.0,0.25,0.0,0.25,0.25,0.0,0.25,0.0
91,0,0,1,0,1,1,0,1,1,0.0,0.0,0.2,0.0,0.2,0.2,0.0,0.2,0.2
92,0,0,1,0,1,1,1,0,0,0.0,0.0,0.25,0.0,0.25,0.25,0.25,0.0,0.0
93,0,0,1,0,1,1,1,0,1,0.0,0.0,0.2,0.0,0.2,0.2,0.2,0.0,0.2
94,0,0,1,0,1,1,1,1,0,0.0,0.0,0.2,0.0,0.2,0.2,0.2,0.2,0.0
95,0,0,1,0,1,1,1,1,1,0.0,0.0,0.16666666666666666,0.0,0.16666666666666666,0.16666666666666666,0.16666666666666666,0.16666666666666666,0.16666666666666666
96,0,0,1,1,0,0,0,0,0,0.0,0.0,0.5,0.5,0.0,0.0,0.0,0.0,0.0
97,0,0,1,1,0,0,0,0,1,0.0,0.0,0.3333333333333333,0.3333333333333333,0.0,0.0,0.0,0.0,0.3333333333333333
98,0,0,1,1,0,0,0,1,0,0.0,0.0,0.3333333333333333,0.3333333333333333,0.0,0.0,0.0,0.3333333333333333,0.0
99,0,0,1,1,0,0,0,1,1,0.0,0.0,0.25,0.25,0.0,0.0,0.0,0.25,0.25
100,0,0,1,1,0,0,1,0,0,0.0,0.0,0.3333333333333333,0.3333333333333333,0.0,0.0,0.3333333333333333,0.0,0.0
101,0,0,1,1,0,0,1,0,1,0.0,0.0,0.25,0.25,0.0,0.0,0.25,0.0,0.25
102,0,0,1,1,0,0,1,1,0,0.0,0.0,0.25,0.25,0.0,0.0,0.25,0.25,0.0
103,0,0,1,1,0,0,1,1,1,0.0,0.0,0.2,0.2,0.0,0.0,0.2,0.2,0.2
104,0,0,1,1,0,1,0,0,0,0.0,0.0,0.3333333333333333,0.3333333333333333,0.0,0.3333333333333333,0.0,0.0,0.0
105,0,0,1,1,0,1,0,0,1,0.0,0.0,0.25,0.25,0.0,0.25,0.0,0.0,0.25
106,0,0,1,1,0,1,0,1,0,0.0,0.0,0.25,0.25,0.0,0.25,0.0,0.25,0.0
107,0,0,1,1,0,1,0,1,1,0.0,0.0,0.2,0.2,0.0,0.2,0.0,0.2,0.2
108,0,0,1,1,0,1,1,0,0,0.0,0.0,0.25,0.25,0.0,0.25,0.25,0.0,0.0
109,0,0,1,1,0,1,1,0,1,0.0,0.0,0.2,0.2,0.0,0.2,0.2,0.0,0.2
110,0,0,1,1,0,1,1,1,0,0.0,0.0,0.2,0.2,0.0,0.2,0.2,0.2,0.0
111,0,0,1,1,0,1,1,1,1,0.0,0.0,0.16666666666666666,0.16666666666666666,0.0,0.16666666666666666,0.16666666666666666,0.16666666666666666,0.16666666666666666
112,0,0,1,1,1,0,0,0,0,0.0,0.0,0.3333333333333333,0.3333333333333333,0.3333333333333333,0.0,0.0,0.0,0.0
113,0,0,1,1,1,0,0,0,1,0.0,0.0,0.25,0.25,0.25,0.0,0.0,0.0,0.25
114,0,0,1,1,1,0,0,1,0,0.0,0.0,0.25,0.25,0.25,0.0,0.0,0.25,0.0
115,0,0,1,1,1,0,0,1,1,0.0,0.0,0.2,0.2,0.2,0.0,0.0,0.2,0.2
116,0,0,1,1,1,0,1,0,0,0.0,0.0,0.25,0.25,0.25,0.0,0.25,0.0,0.0
117,0,0,1,1,1,0,1,0,1,0.0,0.0,0.2,0.2,0.2,0.0,0.2,0.0,0.2
118,0,0,1,1,1,0,1,1,0,0.0,0.0,0.2,0.2,0.2,0.0,0.2,0.2,0.0
119,0,0,1,1,1,0,1,1,1,0.0,0.0,0.16666666666666666,0.16666666666666666,0.16666666666666666,0.0,0.16666666666666666,0.16666666666666666,0.16666666666666666
120,0,0,1,1,1,1,0,0,0,0.0,0.0,0.25,0.25,0.25,0.25,0.0,0.0,0.0
121,0,0,1,1,1,1,0,0,1,0.0,0.0,0.2,0.2,0.2,0.2,0.0,0.0,0.2
122,0,0,1,1,1,1,0,1,0,0.0,0.0,0.2,0.2,0.2,0.2,0.0,0.2,0.0
123,0,0,1,1,1,1,0,1,1,0.0,0.0,0.16666666666666666,0.16666666666666666,0.16666666666666666,0.16666666666666666,0.0,0.16666666666666666,0.16666666666666666
124,0,0,1,1,1,1,1,0,0,0.0,0.0,0.2,0.2,0.2,0.2,0.2,0.0,0.0
125,0,0,1,1,1,1,1,0,1,0.0,0.0,0.16666666666666666,0.16666666666666666,0.16666666666666666,0.16666666666666666,0.16666666666666666,0.0,0.16666666666666666
126,0,0,1,1,1,1,1,1,0,0.0,0.0,0.16666666666666666,0.16666666666666666,0.16666666666666666,0.16666666666666666,0.16666666666666666,0.16666666666666666,0.0
127,0,0,1,1,1,1,1,1,1,0.0,0.0,0.14285714285714285,0.14285714285714285,0.14285714285714285,0.14285714285714285,0.14285714285714285,0.14285714285714285,0.14285714285714285
128,0,1,0,0,0,0,0,0,0,0.0,1.0,0.0,0.0,0.0,0.0,0.0,0.0,0.0
129,0,1,0,0,0,0,0,0,1,0.0,0.5,0.0,0.0,0.0,0.0,0.0,0.0,0.5
130,0,1,0,0,0,0,0,1,0,0.0,0.5,0.0,0.0,0.0,0.0,0.0,0.5,0.0
131,0,1,0,0,0,0,0,1,1,0.0,0.3333333333333333,0.0,0.0,0.0,0.0,0.0,0.3333333333333333,0.3333333333333333
132,0,1,0,0,0,0,1,0,0,0.0,0.5,0.0,0.0,0.0,0.0,0.5,0.0,0.0
133,0,1,0,0,0,0,1,0,1,0.0,0.3333333333333333,0.0,0.0,0.0,0.0,0.3333333333333333,0.0,0.3333333333333333
134,0,1,0,0,0,0,1,1,0,0.0,0.3333333333333333,0.0,0.0,0.0,0.0,0.3333333333333333,0.3333333333333333,0.0
135,0,1,0,0,0,0,1,1,1,0.0,0.25,0.0,0.0,0.0,0.0,0.25,0.25,0.25
136,0,1,0,0,0,1,0,0,0,0.0,0.5,0.0,0.0,0.0,0.5,0.0,0.0,0.0
137,0,1,0,0,0,1,0,0,1,0.0,0.3333333333333333,0.0,0.0,0.0,0.3333333333333333,0.0,0.0,0.3333333333333333
138,0,1,0,0,0,1,0,1,0,0.0,0.3333333333333333,0.0,0.0,0.0,0.3333333333333333,0.0,0.3333333333333333,0.0
139,0,1,0,0,0,1,0,1,1,0.0,0.25,0.0,0.0,0.0,0.25,0.0,0.25,0.25
140,0,1,0,0,0,1,1,0,0,0.0,0.3333333333333333,0.0,0.0,0.0,0.3333333333333333,0.3333333333333333,0.0,0.0
141,0,1,0,0,0,1,1,0,1,0.0,0.25,0.0,0.0,0.0,0.25,0.25,0.0,0.25
142,0,1,0,0,0,1,1,1,0,0.0,0.25,0.0,0.0,0.0,0.25,0.25,0.25,0.0
143,0,1,0,0,0,1,1,1,1,0.0,0.2,0.0,0.0,0.0,0.2,0.2,0.2,0.2
144,0,1,0,0,1,0,0,0,0,0.0,0.5,0.0,0.0,0.5,0.0,0.0,0.0,0.0
145,0,1,0,0,1,0,0,0,1,0.0,0.3333333333333333,0.0,0.0,0.3333333333333333,0.0,0.0,0.0,0.3333333333333333
146,0,1,0,0,1,0,0,1,0,0.0,0.3333333333333333,0.0,0.0,0.3333333333333333,0.0,0.0,0.3333333333333333,0.0
147,0,1,0,0,1,0,0,1,1,0.0,0.25,0.0,0.0,0.25,0.0,0.0,0.25,0.25
148,0,1,0,0,1,0,1,0,0,0.0,0.3333333333333333,0.0,0.0,0.3333333333333333,0.0,0.3333333333333333,0.0,0.0
149,0,1,0,0,1,0,1,0,1,0.0,0.25,0.0,0.0,0.25,0.0,0.25,0.0,0.25
150,0,1,0,0,1,0,1,1,0,0.0,0.25,0.0,0.0,0.25,0.0,0.25,0.25,0.0
151,0,1,0,0,1,0,1,1,1,0.0,0.2,0.0,0.0,0.2,0.0,0.2,0.2,0.2
152,0,1,0,0,1,1,0,0,0,0.0,0.3333333333333333,0.0,0.0,0.3333333333333333,0.3333333333333333,0.0,0.0,0.0
153,0,1,0,0,1,1,0,0,1,0.0,0.25,0.0,0.0,0.25,0.25,0.0,0.0,0.25
154,0,1,0,0,1,1,0,1,0,0.0,0.25,0.0,0.0,0.25,0.25,0.0,0.25,0.0
155,0,1,0,0,1,1,0,1,1,0.0,0.2,0.0,0.0,0.2,0.2,0.0,0.2,0.2
156,0,1,0,0,1,1,1,0,0,0.0,0.25,0.0,0.0,0.25,0.25,0.25,0.0,0.0
157,0,1,0,0,1,1,1,0,1,0.0,0.2,0.0,0.0,0.2,0.2,0.2,0.0,0.2
158,0,1,0,0,1,1,1,1,0,0.0,0.2,0.0,0.0,0.2,0.2,0.2,0.2,0.0
159,0,1,0,0,1,1,1,1,1,0.0,0.16666666666666666,0.0,0.0,0.16666666666666666,0.16666666666666666,0.16666666666666666,0.16666666666666666,0.16666666666666666
160,0,1,0,1,0,0,0,0,0,0.0,0.5,0.0,0.5,0.0,0.0,0.0,0.0,0.0
161,0,1,0,1,0,0,0,0,1,0.0,0.3333333333333333,0.0,0.3333333333333333,0.0,0.0,0.0,0.0,0.3333333333333333
162,0,1,0,1,0,0,0,1,0,0.0,0.3333333333333333,0.0,0.3333333333333333,0.0,0.0,0.0,0.3333333333333333,0.0
163,0,1,0,1,0,0,0,1,1,0.0,0.25,0.0,0.25,0.0,0.0,0.0,0.25,0.25
164,0,1,0,1,0,0,1,0,0,0.0,0.3333333333333333,0.0,0.3333333333333333,0.0,0.0,0.3333333333333333,0.0,0.0
165,0,1,0,1,0,0,1,0,1,0.0,0.25,0.0,0.25,0.0,0.0,0.25,0.0,0.25
166,0,1,0,1,0,0,1,1,0,0.0,0.25,0.0,0.25,0.0,0.0,0.25,0.25,0.0
167,0,1,0,1,0,0,1,1,1,0.0,0.2,0.0,0.2,0.0,0.0,0.2,0.2,0.2
168,0,1,0,1,0,1,0,0,0,0.0,0.3333333333333333,0.0,0.3333333333333333,0.0,0.3333333333333333,0.0,0.0,0.0
169,0,1,0,1,0,1,0,0,1,0.0,0.25,0.0,0.25,0.0,0.25,0.0,0.0,0.25
170,0,1,0,1,0,1,0,1,0,0.0,0.25,0.0,0.25,0.0,0.25,0.0,0.25,0.0
171,0,1,0,1,0,1,0,1,1,0.0,0.2,0.0,0.2,0.0,0.2,0.0,0.2,0.2
172,0,1,0,1,0,1,1,0,0,0.0,0.25,0.0,0.25,0.0,0.25,0.25,0.0,0.0
173,0,1,0,1,0,1,1,0,1,0.0,0.2,0.0,0.2,0.0,0.2,0.2,0.0,0.2
174,0,1,0,1,0,1,1,1,0,0.0,0.2,0.0,0.2,0.0,0.2,0.2,0.2,0.0
175,0,1,0,1,0,1,1,1,1,0.0,0.16666666666666666,0.0,0.16666666666666666,0.0,0.16666666666666666,0.16666666666666666,0.16666666666666666,0.16666666666666666
176,0,1,0,1,1,0,0,0,0,0.0,0.3333333333333333,0.0,0.3333333333333333,0.3333333333333333,0.0,0.0,0.0,0.0
177,0,1,0,1,1,0,0,0,1,0.0,0.25,0.0,0.25,0.25,0.0,0.0,0.0,0.25
178,0,1,0,1,1,0,0,1,0,0.0,0.25,0.0,0.25,0.25,0.0,0.0,0.25,0.0
179,0,1,0,1,1,0,0,1,1,0.0,0.2,0.0,0.2,0.2,0.0,0.0,0.2,0.2
180,0,1,0,1,1,0,1,0,0,0.0,0.25,0.0,0.25,0.25,0.0,0.25,0.0,0.0
181,0,1,0,1,1,0,1,0,1,0.0,0.2,0.0,0.2,0.2,0.0,0.2,0.0,0.2
182,0,1,0,1,1,0,1,1,0,0.0,0.2,0.0,0.2,0.2,0.0,0.2,0.2,0.0
183,0,1,0,1,1,0,1,1,1,0.0,0.16666666666666666,0.0,0.16666666666666666,0.16666666666666666,0.0,0.16666666666666666,0.16666666666666666,0.16666666666666666
184,0,1,0,1,1,1,0,0,0,0.0,0.25,0.0,0.25,0.25,0.25,0.0,0.0,0.0
185,0,1,0,1,1,1,0,0,1,0.0,0.2,0.0,0.2,0.2,0.2,0.0,0.0,0.2
186,0,1,0,1,1,1,0,1,0,0.0,0.2,0.0,0.2,0.2,0.2,0.0,0.2,0.0
187,0,1,0,1,1,1,0,1,1,0.0,0.16666666666666666,0.0,0.16666666666666666,0.16666666666666666,0.16666666666666666,0.0,0.16666666666666666,0.16666666666666666
188,0,1,0,1,1,1,1,0,0,0.0,0.2,0.0,0.2,0.2,0.2,0.2,0.0,0.0
189,0,1,0,1,1,1,1,0,1,0.0,0.16666666666666666,0.0,0.16666666666666666,0.16666666666666666,0.16666666666666666,0.16666666666666666,0.0,0.16666666666666666
190,0,1,0,1,1,1,1,1,0,0.0,0.16666666666666666,0.0,0.16666666666666666,0.16666666666666666,0.16666666666666666,0.16666666666666666,0.16666666666666666,0.0
191,0,1,0,1,1,1,1,1,1,0.0,0.14285714285714285,0.0,0.14285714285714285,0.14285714285714285,0.14285714285714285,0.14285714285714285,0.14285714285714285,0.14285714285714285
192,0,1,1,0,0,0,0,0,0,0.0,0.5,0.5,0.0,0.0,0.0,0.0,0.0,0.0
193,0,1,1,0,0,0,0,0,1,0.0,0.3333333333333333,0.3333333333333333,0.0,0.0,0.0,0.0,0.0,0.3333333333333333
194,0,1,1,0,0,0,0,1,0,0.0,0.3333333333333333,0.3333333333333333,0.0,0.0,0.0,0.0,0.3333333333333333,0.0
195,0,1,1,0,0,0,0,1,1,0.0,0.25,0.25,0.0,0.0,0.0,0.0,0.25,0.25
196,0,1,1,0,0,0,1,0,0,0.0,0.3333333333333333,0.3333333333333333,0.0,0.0,0.0,0.3333333333333333,0.0,0.0
197,0,1,1,0,0,0,1,0,1,0.0,0.25,0.25,0.0,0.0,0.0,0.25,0.0,0.25
198,0,1,1,0,0,0,1,1,0,0.0,0.25,0.25,0.0,0.0,0.0,0.25,0.25,0.0
199,0,1,1,0,0,0,1,1,1,0.0,0.2,0.2,0.0,0.0,0.0,0.2,0.2,0.2
200,0,1,1,0,0,1,0,0,0,0.0,0.3333333333333333,0.3333333333333333,0.0,0.0,0.3333333333333333,0.0,0.0,0.0
201,0,1,1,0,0,1,0,0,1,0.0,0.25,0.25,0.0,0.0,0.25,0.0,0.0,0.25
202,0,1,1,0,0,1,0,1,0,0.0,0.25,0.25,0.0,0.0,0.25,0.0,0.25,0.0
203,0,1,1,0,0,1,0,1,1,0.0,0.2,0.2,0.0,0.0,0.2,0.0,0.2,0.2
204,0,1,1,0,0,1,1,0,0,0.0,0.25,0.25,0.0,0.0,0.25,0.25,0.0,0.0
205,0,1,1,0,0,1,1,0,1,0.0,0.2,0.2,0.0,0.0,0.2,0.2,0.0,0.2
206,0,1,1,0,0,1,1,1,0,0.0,0.2,0.2,0.0,0.0,0.2,0.2,0.2,0.0
207,0,1,1,0,0,1,1,1,1,0.0,0.16666666666666666,0.16666666666666666,0.0,0.0,0.16666666666666666,0.16666666666666666,0.16666666666666666,0.16666666666666666
208,0,1,1,0,1,0,0,0,0,0.0,0.3333333333333333,0.3333333333333333,0.0,0.3333333333333333,0.0,0.0,0.0,0.0
209,0,1,1,0,1,0,0,0,1,0.0,0.25,0.25,0.0,0.25,0.0,0.0,0.0,0.25
210,0,1,1,0,1,0,0,1,0,0.0,0.25,0.25,0.0,0.25,0.0,0.0,0.25,0.0
211,0,1,1,0,1,0,0,1,1,0.0,0.2,0.2,0.0,0.2,0.0,0.0,0.2,0.2
212,0,1,1,0,1,0,1,0,0,0.0,0.25,0.25,0.0,0.25,0.0,0.25,0.0,0.0
213,0,1,1,0,1,0,1,0,1,0.0,0.2,0.2,0.0,0.2,0.0,0.2,0.0,0.2
214,0,1,1,0,1,0,1,1,0,0.0,0.2,0.2,0.0,0.2,0.0,0.2,0.2,0.0
215,0,1,1,0,1,0,1,1,1,0.0,0.16666666666666666,0.16666666666666666,0.0,0.16666666666666666,0.0,0.16666666666666666,0.16666666666666666,0.16666666666666666
216,0,1,1,0,1,1,0,0,0,0.0,0.25,0.25,0.0,0.25,0.25,0.0,0.0,0.0
217,0,1,1,0,1,1,0,0,1,0.0,0.2,0.2,0.0,0.2,0.2,0.0,0.0,0.2
218,0,1,1,0,1,1,0,1,0,0.0,0.2,0.2,0.0,0.2,0.2,0.0,0.2,0.0
219,0,1,1,0,1,1,0,1,1,0.0,0.16666666666666666,0.16666666666666666,0.0,0.16666666666666666,0.16666666666666666,0.0,0.16666666666666666,0.16666666666666666
220,0,1,1,0,1,1,1,0,0,0.0,0.2,0.2,0.0,0.2,0.2,0.2,0.0,0.0
221,0,1,1,0,1,1,1,0,1,0.0,0.16666666666666666,0.16666666666666666,0.0,0.16666666666666666,0.16666666666666666,0.16666666666666666,0.0,0.16666666666666666
222,0,1,1,0,1,1,1,1,0,0.0,0.16666666666666666,0.16666666666666666,0.0,0.16666666666666666,0.16666666666666666,0.16666666666666666,0.16666666666666666,0.0
223,0,1,1,0,1,1,1,1,1,0.0,0.14285714285714285,0.14285714285714285,0.0,0.14285714285714285,0.14285714285714285,0.14285714285714285,0.14285714285714285,0.14285714285714285
224,0,1,1,1,0,0,0,0,0,0.0,0.3333333333333333,0.3333333333333333,0.3333333333333333,0.0,0.0,0.0,0.0,0.0
225,0,1,1,1,0,0,0,0,1,0.0,0.25,0.25,0.25,0.0,0.0,0.0,0.0,0.25
226,0,1,1,1,0,0,0,1,0,0.0,0.25,0.25,0.25,0.0,0.0,0.0,0.25,0.0
227,0,1,1,1,0,0,0,1,1,0.0,0.2,0.2,0.2,0.0,0.0,0.0,0.2,0.2
228,0,1,1,1,0,0,1,0,0,0.0,0.25,0.25,0.25,0.0,0.0,0.25,0.0,0.0
229,0,1,1,1,0,0,1,0,1,0.0,0.2,0.2,0.2,0.0,0.0,0.2,0.0,0.2
230,0,1,1,1,0,0,1,1,0,0.0,0.2,0.2,0.2,0.0,0.0,0.2,0.2,0.0
231,0,1,1,1,0,0,1,1,1,0.0,0.16666666666666666,0.16666666666666666,0.16666666666666666,0.0,0.0,0.16666666666666666,0.16666666666666666,0.16666666666666666
232,0,1,1,1,0,1,0,0,0,0.0,0.25,0.25,0.25,0.0,0.25,0.0,0.0,0.0
233,0,1,1,1,0,1,0,0,1,0.0,0.2,0.2,0.2,0.0,0.2,0.0,0.0,0.2
234,0,1,1,1,0,1,0,1,0,0.0,0.2,0.2,0.2,0.0,0.2,0.0,0.2,0.0
235,0,1,1,1,0,1,0,1,1,0.0,0.16666666666666666,0.16666666666666666,0.16666666666666666,0.0,0.16666666666666666,0.0,0.16666666666666666,0.16666666666666666
236,0,1,1,1,0,1,1,0,0,0.0,0.2,0.2,0.2,0.0,0.2,0.2,0.0,0.0
237,0,1,1,1,0,1,1,0,1,0.0,0.16666666666666666,0.16666666666666666,0.16666666666666666,0.0,0.16666666666666666,0.16666666666666666,0.0,0.16666666666666666
238,0,1,1,1,0,1,1,1,0,0.0,0.16666666666666666,0.16666666666666666,0.16666666666666666,0.0,0.16666666666666666,0.16666666666666666,0.16666666666666666,0.0
239,0,1,1,1,0,1,1,1,1,0.0,0.14285714285714285,0.14285714285714285,0.14285714285714285,0.0,0.14285714285714285,0.14285714285714285,0.14285714285714285,0.14285714285714285
240,0,1,1,1,1,0,0,0,0,0.0,0.25,0.25,0.25,0.25,0.0,0.0,0.0,0.0
241,0,1,1,1,1,0,0,0,1,0.0,0.2,0.2,0.2,0.2,0.0,0.0,0.0,0.2
242,0,1,1,1,1,0,0,1,0,0.0,0.2,0.2,0.2,0.2,0.0,0.0,0.2,0.0
243,0,1,1,1,1,0,0,1,1,0.0,0.16666666666666666,0.16666666666666666,0.16666666666666666,0.16666666666666666,0.0,0.0,0.16666666666666666,0.16666666666666666
244,0,1,1,1,1,0,1,0,0,0.0,0.2,0.2,0.2,0.2,0.0,0.2,0.0,0.0
245,0,1,1,1,1,0,1,0,1,0.0,0.16666666666666666,0.16666666666666666,0.16666666666666666,0.16666666666666666,0.0,0.16666666666666666,0.0,0.16666666666666666
246,0,1,1,1,1,0,1,1,0,0.0,0.16666666666666666,0.16666666666666666,0.16666666666666666,0.16666666666666666,0.0,0.16666666666666666,0.16666666666666666,0.0
247,0,1,1,1,1,0,1,1,1,0.0,0.14285714285714285,0.14285714285714285,0.14285714285714285,0.14285714285714285,0.0,0.14285714285714285,0.14285714285714285,0.14285714285714285
248,0,1,1,1,1,1,0,0,0,0.0,0.2,0.2,0.2,0.2,0.2,0.0,0.0,0.0
249,0,1,1,1,1,1,0,0,1,0.0,0.16666666666666666,0.16666666666666666,0.16666666666666666,0.16666666666666666,0.16666666666666666,0.0,0.0,0.16666666666666666
250,0,1,1,1,1,1,0,1,0,0.0,0.16666666666666666,0.16666666666666666,0.16666666666666666,0.16666666666666666,0.16666666666666666,0.0,0.16666666666666666,0.0
251,0,1,1,1,1,1,0,1,1,0.0,0.14285714285714285,0.14285714285714285,0.14285714285714285,0.14285714285714285,0.14285714285714285,0.0,0.14285714285714285,0.14285714285714285
252,0,1,1,1,1,1,1,0,0,0.0,0.16666666666666666,0.16666666666666666,0.16666666666666666,0.16666666666666666,0.16666666666666666,0.16666666666666666,0.0,0.0
253,0,1,1,1,1,1,1,0,1,0.0,0.14285714285714285,0.14285714285714285,0.14285714285714285,0.14285714285714285,0.14285714285714285,0.14285714285714285,0.0,0.14285714285714285
254,0,1,1,1,1,1,1,1,0,0.0,0.14285714285714285,0.14285714285714285,0.14285714285714285,0.14285714285714285,0.14285714285714285,0.14285714285714285,0.14285714285714285,0.0
255,0,1,1,1,1,1,1,1,1,0.0,0.125,0.125,0.125,0.125,0.125,0.125,0.125,0.125
256,1,0,0,0,0,0,0,0,0,1.0,0.0,0.0,0.0,0.0,0.0,0.0,0.0,0.0
257,1,0,0,0,0,0,0,0,1,0.5,0.0,0.0,0.0,0.0,0.0,0.0,0.0,0.5
258,1,0,0,0,0,0,0,1,0,0.5,0.0,0.0,0.0,0.0,0.0,0.0,0.5,0.0
259,1,0,0,0,0,0,0,1,1,0.3333333333333333,0.0,0.0,0.0,0.0,0.0,0.0,0.3333333333333333,0.3333333333333333
260,1,0,0,0,0,0,1,0,0,0.5,0.0,0.0,0.0,0.0,0.0,0.5,0.0,0.0
261,1,0,0,0,0,0,1,0,1,0.3333333333333333,0.0,0.0,0.0,0.0,0.0,0.3333333333333333,0.0,0.3333333333333333
262,1,0,0,0,0,0,1,1,0,0.3333333333333333,0.0,0.0,0.0,0.0,0.0,0.3333333333333333,0.3333333333333333,0.0
263,1,0,0,0,0,0,1,1,1,0.25,0.0,0.0,0.0,0.0,0.0,0.25,0.25,0.25
264,1,0,0,0,0,1,0,0,0,0.5,0.0,0.0,0.0,0.0,0.5,0.0,0.0,0.0
265,1,0,0,0,0,1,0,0,1,0.3333333333333333,0.0,0.0,0.0,0.0,0.3333333333333333,0.0,0.0,0.3333333333333333
266,1,0,0,0,0,1,0,1,0,0.3333333333333333,0.0,0.0,0.0,0.0,0.3333333333333333,0.0,0.3333333333333333,0.0
267,1,0,0,0,0,1,0,1,1,0.25,0.0,0.0,0.0,0.0,0.25,0.0,0.25,0.25
268,1,0,0,0,0,1,1,0,0,0.3333333333333333,0.0,0.0,0.0,0.0,0.3333333333333333,0.3333333333333333,0.0,0.0
269,1,0,0,0,0,1,1,0,1,0.25,0.0,0.0,0.0,0.0,0.25,0.25,0.0,0.25
270,1,0,0,0,0,1,1,1,0,0.25,0.0,0.0,0.0,0.0,0.25,0.25,0.25,0.0
271,1,0,0,0,0,1,1,1,1,0.2,0.0,0.0,0.0,0.0,0.2,0.2,0.2,0.2
272,1,0,0,0,1,0,0,0,0,0.5,0.0,0.0,0.0,0.5,0.0,0.0,0.0,0.0
273,1,0,0,0,1,0,0,0,1,0.3333333333333333,0.0,0.0,0.0,0.3333333333333333,0.0,0.0,0.0,0.3333333333333333
274,1,0,0,0,1,0,0,1,0,0.3333333333333333,0.0,0.0,0.0,0.3333333333333333,0.0,0.0,0.3333333333333333,0.0
275,1,0,0,0,1,0,0,1,1,0.25,0.0,0.0,0.0,0.25,0.0,0.0,0.25,0.25
276,1,0,0,0,1,0,1,0,0,0.3333333333333333,0.0,0.0,0.0,0.3333333333333333,0.0,0.3333333333333333,0.0,0.0
277,1,0,0,0,1,0,1,0,1,0.25,0.0,0.0,0.0,0.25,0.0,0.25,0.0,0.25
278,1,0,0,0,1,0,1,1,0,0.25,0.0,0.0,0.0,0.25,0.0,0.25,0.25,0.0
279,1,0,0,0,1,0,1,1,1,0.2,0.0,0.0,0.0,0.2,0.0,0.2,0.2,0.2
280,1,0,0,0,1,1,0,0,0,0.3333333333333333,0.0,0.0,0.0,0.3333333333333333,0.3333333333333333,0.0,0.0,0.0
281,1,0,0,0,1,1,0,0,1,0.25,0.0,0.0,0.0,0.25,0.25,0.0,0.0,0.25
282,1,0,0,0,1,1,0,1,0,0.25,0.0,0.0,0.0,0.25,0.25,0.0,0.25,0.0
283,1,0,0,0,1,1,0,1,1,0.2,0.0,0.0,0.0,0.2,0.2,0.0,0.2,0.2
284,1,0,0,0,1,1,1,0,0,0.25,0.0,0.0,0.0,0.25,0.25,0.25,0.0,0.0
285,1,0,0,0,1,1,1,0,1,0.2,0.0,0.0,0.0,0.2,0.2,0.2,0.0,0.2
286,1,0,0,0,1,1,1,1,0,0.2,0.0,0.0,0.0,0.2,0.2,0.2,0.2,0.0
287,1,0,0,0,1,1,1,1,1,0.16666666666666666,0.0,0.0,0.0,0.16666666666666666,0.16666666666666666,0.16666666666666666,0.16666666666666666,0.16666666666666666
288,1,0,0,1,0,0,0,0,0,0.5,0.0,0.0,0.5,0.0,0.0,0.0,0.0,0.0
289,1,0,0,1,0,0,0,0,1,0.3333333333333333,0.0,0.0,0.3333333333333333,0.0,0.0,0.0,0.0,0.3333333333333333
290,1,0,0,1,0,0,0,1,0,0.3333333333333333,0.0,0.0,0.3333333333333333,0.0,0.0,0.0,0.3333333333333333,0.0
291,1,0,0,1,0,0,0,1,1,0.25,0.0,0.0,0.25,0.0,0.0,0.0,0.25,0.25
292,1,0,0,1,0,0,1,0,0,0.3333333333333333,0.0,0.0,0.3333333333333333,0.0,0.0,0.3333333333333333,0.0,0.0
293,1,0,0,1,0,0,1,0,1,0.25,0.0,0.0,0.25,0.0,0.0,0.25,0.0,0.25
294,1,0,0,1,0,0,1,1,0,0.25,0.0,0.0,0.25,0.0,0.0,0.25,0.25,0.0
295,1,0,0,1,0,0,1,1,1,0.2,0.0,0.0,0.2,0.0,0.0,0.2,0.2,0.2
296,1,0,0,1,0,1,0,0,0,0.3333333333333333,0.0,0.0,0.3333333333333333,0.0,0.3333333333333333,0.0,0.0,0.0
297,1,0,0,1,0,1,0,0,1,0.25,0.0,0.0,0.25,0.0,0.25,0.0,0.0,0.25
298,1,0,0,1,0,1,0,1,0,0.25,0.0,0.0,0.25,0.0,0.25,0.0,0.25,0.0
299,1,0,0,1,0,1,0,1,1,0.2,0.0,0.0,0.2,0.0,0.2,0.0,0.2,0.2
300,1,0,0,1,0,1,1,0,0,0.25,0.0,0.0,0.25,0.0,0.25,0.25,0.0,0.0
301,1,0,0,1,0,1,1,0,1,0.2,0.0,0.0,0.2,0.0,0.2,0.2,0.0,0.2
302,1,0,0,1,0,1,1,1,0,0.2,0.0,0.0,0.2,0.0,0.2,0.2,0.2,0.0
303,1,0,0,1,0,1,1,1,1,0.16666666666666666,0.0,0.0,0.16666666666666666,0.0,0.16666666666666666,0.16666666666666666,0.16666666666666666,0.16666666666666666
304,1,0,0,1,1,0,0,0,0,0.3333333333333333,0.0,0.0,0.3333333333333333,0.3333333333333333,0.0,0.0,0.0,0.0
305,1,0,0,1,1,0,0,0,1,0.25,0.0,0.0,0.25,0.25,0.0,0.0,0.0,0.25
306,1,0,0,1,1,0,0,1,0,0.25,0.0,0.0,0.25,0.25,0.0,0.0,0.25,0.0
307,1,0,0,1,1,0,0,1,1,0.2,0.0,0.0,0.2,0.2,0.0,0.0,0.2,0.2
308,1,0,0,1,1,0,1,0,0,0.25,0.0,0.0,0.25,0.25,0.0,0.25,0.0,0.0
309,1,0,0,1,1,0,1,0,1,0.2,0.0,0.0,0.2,0.2,0.0,0.2,0.0,0.2
310,1,0,0,1,1,0,1,1,0,0.2,0.0,0.0,0.2,0.2,0.0,0.2,0.2,0.0
311,1,0,0,1,1,0,1,1,1,0.16666666666666666,0.0,0.0,0.16666666666666666,0.16666666666666666,0.0,0.16666666666666666,0.16666666666666666,0.16666666666666666
312,1,0,0,1,1,1,0,0,0,0.25,0.0,0.0,0.25,0.25,0.25,0.0,0.0,0.0
313,1,0,0,1,1,1,0,0,1,0.2,0.0,0.0,0.2,0.2,0.2,0.0,0.0,0.2
314,1,0,0,1,1,1,0,1,0,0.2,0.0,0.0,0.2,0.2,0.2,0.0,0.2,0.0
315,1,0,0,1,1,1,0,1,1,0.16666666666666666,0.0,0.0,0.16666666666666666,0.16666666666666666,0.16666666666666666,0.0,0.16666666666666666,0.16666666666666666
316,1,0,0,1,1,1,1,0,0,0.2,0.0,0.0,0.2,0.2,0.2,0.2,0.0,0.0
317,1,0,0,1,1,1,1,0,1,0.16666666666666666,0.0,0.0,0.16666666666666666,0.16666666666666666,0.16666666666666666,0.16666666666666666,0.0,0.16666666666666666
318,1,0,0,1,1,1,1,1,0,0.16666666666666666,0.0,0.0,0.16666666666666666,0.16666666666666666,0.16666666666666666,0.16666666666666666,0.16666666666666666,0.0
319,1,0,0,1,1,1,1,1,1,0.14285714285714285,0.0,0.0,0.14285714285714285,0.14285714285714285,0.14285714285714285,0.14285714285714285,0.14285714285714285,0.14285714285714285
320,1,0,1,0,0,0,0,0,0,0.5,0.0,0.5,0.0,0.0,0.0,0.0,0.0,0.0
321,1,0,1,0,0,0,0,0,1,0.3333333333333333,0.0,0.3333333333333333,0.0,0.0,0.0,0.0,0.0,0.3333333333333333
322,1,0,1,0,0,0,0,1,0,0.3333333333333333,0.0,0.3333333333333333,0.0,0.0,0.0,0.0,0.3333333333333333,0.0
323,1,0,1,0,0,0,0,1,1,0.25,0.0,0.25,0.0,0.0,0.0,0.0,0.25,0.25
324,1,0,1,0,0,0,1,0,0,0.3333333333333333,0.0,0.3333333333333333,0.0,0.0,0.0,0.3333333333333333,0.0,0.0
325,1,0,1,0,0,0,1,0,1,0.25,0.0,0.25,0.0,0.0,0.0,0.25,0.0,0.25
326,1,0,1,0,0,0,1,1,0,0.25,0.0,0.25,0.0,0.0,0.0,0.25,0.25,0.0
327,1,0,1,0,0,0,1,1,1,0.2,0.0,0.2,0.0,0.0,0.0,0.2,0.2,0.2
328,1,0,1,0,0,1,0,0,0,0.3333333333333333,0.0,0.3333333333333333,0.0,0.0,0.3333333333333333,0.0,0.0,0.0
329,1,0,1,0,0,1,0,0,1,0.25,0.0,0.25,0.0,0.0,0.25,0.0,0.0,0.25
330,1,0,1,0,0,1,0,1,0,0.25,0.0,0.25,0.0,0.0,0.25,0.0,0.25,0.0
331,1,0,1,0,0,1,0,1,1,0.2,0.0,0.2,0.0,0.0,0.2,0.0,0.2,0.2
332,1,0,1,0,0,1,1,0,0,0.25,0.0,0.25,0.0,0.0,0.25,0.25,0.0,0.0
333,1,0,1,0,0,1,1,0,1,0.2,0.0,0.2,0.0,0.0,0.2,0.2,0.0,0.2
334,1,0,1,0,0,1,1,1,0,0.2,0.0,0.2,0.0,0.0,0.2,0.2,0.2,0.0
335,1,0,1,0,0,1,1,1,1,0.16666666666666666,0.0,0.16666666666666666,0.0,0.0,0.16666666666666666,0.16666666666666666,0.16666666666666666,0.16666666666666666
336,1,0,1,0,1,0,0,0,0,0.3333333333333333,0.0,0.3333333333333333,0.0,0.3333333333333333,0.0,0.0,0.0,0.0
337,1,0,1,0,1,0,0,0,1,0.25,0.0,0.25,0.0,0.25,0.0,0.0,0.0,0.25
338,1,0,1,0,1,0,0,1,0,0.25,0.0,0.25,0.0,0.25,0.0,0.0,0.25,0.0
339,1,0,1,0,1,0,0,1,1,0.2,0.0,0.2,0.0,0.2,0.0,0.0,0.2,0.2
340,1,0,1,0,1,0,1,0,0,0.25,0.0,0.25,0.0,0.25,0.0,0.25,0.0,0.0
341,1,0,1,0,1,0,1,0,1,0.2,0.0,0.2,0.0,0.2,0.0,0.2,0.0,0.2
342,1,0,1,0,1,0,1,1,0,0.2,0.0,0.2,0.0,0.2,0.0,0.2,0.2,0.0
343,1,0,1,0,1,0,1,1,1,0.16666666666666666,0.0,0.16666666666666666,0.0,0.16666666666666666,0.0,0.16666666666666666,0.16666666666666666,0.16666666666666666
344,1,0,1,0,1,1,0,0,0,0.25,0.0,0.25,0.0,0.25,0.25,0.0,0.0,0.0
345,1,0,1,0,1,1,0,0,1,0.2,0.0,0.2,0.0,0.2,0.2,0.0,0.0,0.2
346,1,0,1,0,1,1,0,1,0,0.2,0.0,0.2,0.0,0.2,0.2,0.0,0.2,0.0
347,1,0,1,0,1,1,0,1,1,0.16666666666666666,0.0,0.16666666666666666,0.0,0.16666666666666666,0.16666666666666666,0.0,0.16666666666666666,0.16666666666666666
348,1,0,1,0,1,1,1,0,0,0.2,0.0,0.2,0.0,0.2,0.2,0.2,0.0,0.0
349,1,0,1,0,1,1,1,0,1,0.16666666666666666,0.0,0.16666666666666666,0.0,0.16666666666666666,0.16666666666666666,0.16666666666666666,0.0,0.16666666666666666
350,1,0,1,0,1,1,1,1,0,0.16666666666666666,0.0,0.16666666666666666,0.0,0.16666666666666666,0.16666666666666666,0.16666666666666666,0.16666666666666666,0.0
351,1,0,1,0,1,1,1,1,1,0.14285714285714285,0.0,0.14285714285714285,0.0,0.14285714285714285,0.14285714285714285,0.14285714285714285,0.14285714285714285,0.14285714285714285
352,1,0,1,1,0,0,0,0,0,0.3333333333333333,0.0,0.3333333333333333,0.3333333333333333,0.0,0.0,0.0,0.0,0.0
353,1,0,1,1,0,0,0,0,1,0.25,0.0,0.25,0.25,0.0,0.0,0.0,0.0,0.25
354,1,0,1,1,0,0,0,1,0,0.25,0.0,0.25,0.25,0.0,0.0,0.0,0.25,0.0
355,1,0,1,1,0,0,0,1,1,0.2,0.0,0.2,0.2,0.0,0.0,0.0,0.2,0.2
356,1,0,1,1,0,0,1,0,0,0.25,0.0,0.25,0.25,0.0,0.0,0.25,0.0,0.0
357,1,0,1,1,0,0,1,0,1,0.2,0.0,0.2,0.2,0.0,0.0,0.2,0.0,0.2
358,1,0,1,1,0,0,1,1,0,0.2,0.0,0.2,0.2,0.0,0.0,0.2,0.2,0.0
359,1,0,1,1,0,0,1,1,1,0.16666666666666666,0.0,0.16666666666666666,0.16666666666666666,0.0,0.0,0.16666666666666666,0.16666666666666666,0.16666666666666666
360,1,0,1,1,0,1,0,0,0,0.25,0.0,0.25,0.25,0.0,0.25,0.0,0.0,0.0
361,1,0,1,1,0,1,0,0,1,0.2,0.0,0.2,0.2,0.0,0.2,0.0,0.0,0.2
362,1,0,1,1,0,1,0,1,0,0.2,0.0,0.2,0.2,0.0,0.2,0.0,0.2,0.0
363,1,0,1,1,0,1,0,1,1,0.16666666666666666,0.0,0.16666666666666666,0.16666666666666666,0.0,0.16666666666666666,0.0,0.16666666666666666,0.16666666666666666
364,1,0,1,1,0,1,1,0,0,0.2,0.0,0.2,0.2,0.0,0.2,0.2,0.0,0.0
365,1,0,1,1,0,1,1,0,1,0.16666666666666666,0.0,0.16666666666666666,0.16666666666666666,0.0,0.16666666666666666,0.16666666666666666,0.0,0.16666666666666666
366,1,0,1,1,0,1,1,1,0,0.16666666666666666,0.0,0.16666666666666666,0.16666666666666666,0.0,0.16666666666666666,0.16666666666666666,0.16666666666666666,0.0
367,1,0,1,1,0,1,1,1,1,0.14285714285714285,0.0,0.14285714285714285,0.14285714285714285,0.0,0.14285714285714285,0.14285714285714285,0.14285714285714285,0.14285714285714285
368,1,0,1,1,1,0,0,0,0,0.25,0.0,0.25,0.25,0.25,0.0,0.0,0.0,0.0
369,1,0,1,1,1,0,0,0,1,0.2,0.0,0.2,0.2,0.2,0.0,0.0,0.0,0.2
370,1,0,1,1,1,0,0,1,0,0.2,0.0,0.2,0.2,0.2,0.0,0.0,0.2,0.0
371,1,0,1,1,1,0,0,1,1,0.16666666666666666,0.0,0.16666666666666666,0.16666666666666666,0.16666666666666666,0.0,0.0,0.16666666666666666,0.16666666666666666
372,1,0,1,1,1,0,1,0,0,0.2,0.0,0.2,0.2,0.2,0.0,0.2,0.0,0.0
373,1,0,1,1,1,0,1,0,1,0.16666666666666666,0.0,0.16666666666666666,0.16666666666666666,0.16666666666666666,0.0,0.16666666666666666,0.0,0.16666666666666666
374,1,0,1,1,1,0,1,1,0,0.16666666666666666,0.0,0.16666666666666666,0.16666666666666666,0.16666666666666666,0.0,0.16666666666666666,0.16666666666666666,0.0
375,1,0,1,1,1,0,1,1,1,0.14285714285714285,0.0,0.14285714285714285,0.14285714285714285,0.14285714285714285,0.0,0.14285714285714285,0.14285714285714285,0.14285714285714285
376,1,0,1,1,1,1,0,0,0,0.2,0.0,0.2,0.2,0.2,0.2,0.0,0.0,0.0
377,1,0,1,1,1,1,0,0,1,0.16666666666666666,0.0,0.16666666666666666,0.16666666666666666,0.16666666666666666,0.16666666666666666,0.0,0.0,0.16666666666666666
378,1,0,1,1,1,1,0,1,0,0.16666666666666666,0.0,0.16666666666666666,0.16666666666666666,0.16666666666666666,0.16666666666666666,0.0,0.16666666666666666,0.0
379,1,0,1,1,1,1,0,1,1,0.14285714285714285,0.0,0.14285714285714285,0.14285714285714285,0.14285714285714285,0.14285714285714285,0.0,0.14285714285714285,0.14285714285714285
380,1,0,1,1,1,1,1,0,0,0.16666666666666666,0.0,0.16666666666666666,0.16666666666666666,0.16666666666666666,0.16666666666666666,0.16666666666666666,0.0,0.0
381,1,0,1,1,1,1,1,0,1,0.14285714285714285,0.0,0.14285714285714285,0.14285714285714285,0.14285714285714285,0.14285714285714285,0.14285714285714285,0.0,0.14285714285714285
382,1,0,1,1,1,1,1,1,0,0.14285714285714285,0.0,0.14285714285714285,0.14285714285714285,0.14285714285714285,0.14285714285714285,0.14285714285714285,0.14285714285714285,0.0
383,1,0,1,1,1,1,1,1,1,0.125,0.0,0.125,0.125,0.125,0.125,0.125,0.125,0.125
384,1,1,0,0,0,0,0,0,0,0.5,0.5,0.0,0.0,0.0,0.0,0.0,0.0,0.0
385,1,1,0,0,0,0,0,0,1,0.3333333333333333,0.3333333333333333,0.0,0.0,0.0,0.0,0.0,0.0,0.3333333333333333
386,1,1,0,0,0,0,0,1,0,0.3333333333333333,0.3333333333333333,0.0,0.0,0.0,0.0,0.0,0.3333333333333333,0.0
387,1,1,0,0,0,0,0,1,1,0.25,0.25,0.0,0.0,0.0,0.0,0.0,0.25,0.25
388,1,1,0,0,0,0,1,0,0,0.3333333333333333,0.3333333333333333,0.0,0.0,0.0,0.0,0.3333333333333333,0.0,0.0
389,1,1,0,0,0,0,1,0,1,0.25,0.25,0.0,0.0,0.0,0.0,0.25,0.0,0.25
390,1,1,0,0,0,0,1,1,0,0.25,0.25,0.0,0.0,0.0,0.0,0.25,0.25,0.0
391,1,1,0,0,0,0,1,1,1,0.2,0.2,0.0,0.0,0.0,0.0,0.2,0.2,0.2
392,1,1,0,0,0,1,0,0,0,0.3333333333333333,0.3333333333333333,0.0,0.0,0.0,0.3333333333333333,0.0,0.0,0.0
393,1,1,0,0,0,1,0,0,1,0.25,0.25,0.0,0.0,0.0,0.25,0.0,0.0,0.25
394,1,1,0,0,0,1,0,1,0,0.25,0.25,0.0,0.0,0.0,0.25,0.0,0.25,0.0
395,1,1,0,0,0,1,0,1,1,0.2,0.2,0.0,0.0,0.0,0.2,0.0,0.2,0.2
396,1,1,0,0,0,1,1,0,0,0.25,0.25,0.0,0.0,0.0,0.25,0.25,0.0,0.0
397,1,1,0,0,0,1,1,0,1,0.2,0.2,0.0,0.0,0.0,0.2,0.2,0.0,0.2
398,1,1,0,0,0,1,1,1,0,0.2,0.2,0.0,0.0,0.0,0.2,0.2,0.2,0.0
399,1,1,0,0,0,1,1,1,1,0.16666666666666666,0.16666666666666666,0.0,0.0,0.0,0.16666666666666666,0.16666666666666666,0.16666666666666666,0.16666666666666666
400,1,1,0,0,1,0,0,0,0,0.3333333333333333,0.3333333333333333,0.0,0.0,0.3333333333333333,0.0,0.0,0.0,0.0
401,1,1,0,0,1,0,0,0,1,0.25,0.25,0.0,0.0,0.25,0.0,0.0,0.0,0.25
402,1,1,0,0,1,0,0,1,0,0.25,0.25,0.0,0.0,0.25,0.0,0.0,0.25,0.0
403,1,1,0,0,1,0,0,1,1,0.2,0.2,0.0,0.0,0.2,0.0,0.0,0.2,0.2
404,1,1,0,0,1,0,1,0,0,0.25,0.25,0.0,0.0,0.25,0.0,0.25,0.0,0.0
405,1,1,0,0,1,0,1,0,1,0.2,0.2,0.0,0.0,0.2,0.0,0.2,0.0,0.2
406,1,1,0,0,1,0,1,1,0,0.2,0.2,0.0,0.0,0.2,0.0,0.2,0.2,0.0
407,1,1,0,0,1,0,1,1,1,0.16666666666666666,0.16666666666666666,0.0,0.0,0.16666666666666666,0.0,0.16666666666666666,0.16666666666666666,0.16666666666666666
408,1,1,0,0,1,1,0,0,0,0.25,0.25,0.0,0.0,0.25,0.25,0.0,0.0,0.0
409,1,1,0,0,1,1,0,0,1,0.2,0.2,0.0,0.0,0.2,0.2,0.0,0.0,0.2
410,1,1,0,0,1,1,0,1,0,0.2,0.2,0.0,0.0,0.2,0.2,0.0,0.2,0.0
411,1,1,0,0,1,1,0,1,1,0.16666666666666666,0.16666666666666666,0.0,0.0,0.16666666666666666,0.16666666666666666,0.0,0.16666666666666666,0.16666666666666666
412,1,1,0,0,1,1,1,0,0,0.2,0.2,0.0,0.0,0.2,0.2,0.2,0.0,0.0
413,1,1,0,0,1,1,1,0,1,0.16666666666666666,0.16666666666666666,0.0,0.0,0.16666666666666666,0.16666666666666666,0.16666666666666666,0.0,0.16666666666666666
414,1,1,0,0,1,1,1,1,0,0.16666666666666666,0.16666666666666666,0.0,0.0,0.16666666666666666,0.16666666666666666,0.16666666666666666,0.16666666666666666,0.0
415,1,1,0,0,1,1,1,1,1,0.14285714285714285,0.14285714285714285,0.0,0.0,0.14285714285714285,0.14285714285714285,0.14285714285714285,0.14285714285714285,0.14285714285714285
416,1,1,0,1,0,0,0,0,0,0.3333333333333333,0.3333333333333333,0.0,0.3333333333333333,0.0,0.0,0.0,0.0,0.0
417,1,1,0,1,0,0,0,0,1,0.25,0.25,0.0,0.25,0.0,0.0,0.0,0.0,0.25
418,1,1,0,1,0,0,0,1,0,0.25,0.25,0.0,0.25,0.0,0.0,0.0,0.25,0.0
419,1,1,0,1,0,0,0,1,1,0.2,0.2,0.0,0.2,0.0,0.0,0.0,0.2,0.2
420,1,1,0,1,0,0,1,0,0,0.25,0.25,0.0,0.25,0.0,0.0,0.25,0.0,0.0
421,1,1,0,1,0,0,1,0,1,0.2,0.2,0.0,0.2,0.0,0.0,0.2,0.0,0.2
422,1,1,0,1,0,0,1,1,0,0.2,0.2,0.0,0.2,0.0,0.0,0.2,0.2,0.0
423,1,1,0,1,0,0,1,1,1,0.16666666666666666,0.16666666666666666,0.0,0.16666666666666666,0.0,0.0,0.16666666666666666,0.16666666666666666,0.16666666666666666
424,1,1,0,1,0,1,0,0,0,0.25,0.25,0.0,0.25,0.0,0.25,0.0,0.0,0.0
425,1,1,0,1,0,1,0,0,1,0.2,0.2,0.0,0.2,0.0,0.2,0.0,0.0,0.2
426,1,1,0,1,0,1,0,1,0,0.2,0.2,0.0,0.2,0.0,0.2,0.0,0.2,0.0
427,1,1,0,1,0,1,0,1,1,0.16666666666666666,0.16666666666666666,0.0,0.16666666666666666,0.0,0.16666666666666666,0.0,0.16666666666666666,0.16666666666666666
428,1,1,0,1,0,1,1,0,0,0.2,0.2,0.0,0.2,0.0,0.2,0.2,0.0,0.0
429,1,1,0,1,0,1,1,0,1,0.16666666666666666,0.16666666666666666,0.0,0.16666666666666666,0.0,0.16666666666666666,0.16666666666666666,0.0,0.16666666666666666
430,1,1,0,1,0,1,1,1,0,0.16666666666666666,0.16666666666666666,0.0,0.16666666666666666,0.0,0.16666666666666666,0.16666666666666666,0.16666666666666666,0.0
431,1,1,0,1,0,1,1,1,1,0.14285714285714285,0.14285714285714285,0.0,0.14285714285714285,0.0,0.14285714285714285,0.14285714285714285,0.14285714285714285,0.14285714285714285
432,1,1,0,1,1,0,0,0,0,0.25,0.25,0.0,0.25,0.25,0.0,0.0,0.0,0.0
433,1,1,0,1,1,0,0,0,1,0.2,0.2,0.0,0.2,0.2,0.0,0.0,0.0,0.2
434,1,1,0,1,1,0,0,1,0,0.2,0.2,0.0,0.2,0.2,0.0,0.0,0.2,0.0
435,1,1,0,1,1,0,0,1,1,0.16666666666666666,0.16666666666666666,0.0,0.16666666666666666,0.16666666666666666,0.0,0.0,0.16666666666666666,0.16666666666666666
436,1,1,0,1,1,0,1,0,0,0.2,0.2,0.0,0.2,0.2,0.0,0.2,0.0,0.0
437,1,1,0,1,1,0,1,0,1,0.16666666666666666,0.16666666666666666,0.0,0.16666666666666666,0.16666666666666666,0.0,0.16666666666666666,0.0,0.16666666666666666
438,1,1,0,1,1,0,1,1,0,0.16666666666666666,0.16666666666666666,0.0,0.16666666666666666,0.16666666666666666,0.0,0.16666666666666666,0.16666666666666666,0.0
439,1,1,0,1,1,0,1,1,1,0.14285714285714285,0.14285714285714285,0.0,0.14285714285714285,0.14285714285714285,0.0,0.14285714285714285,0.14285714285714285,0.14285714285714285
440,1,1,0,1,1,1,0,0,0,0.2,0.2,0.0,0.2,0.2,0.2,0.0,0.0,0.0
441,1,1,0,1,1,1,0,0,1,0.16666666666666666,0.16666666666666666,0.0,0.16666666666666666,0.16666666666666666,0.16666666666666666,0.0,0.0,0.16666666666666666
442,1,1,0,1,1,1,0,1,0,0.16666666666666666,0.16666666666666666,0.0,0.16666666666666666,0.16666666666666666,0.16666666666666666,0.0,0.16666666666666666,0.0
443,1,1,0,1,1,1,0,1,1,0.14285714285714285,0.14285714285714285,0.0,0.14285714285714285,0.14285714285714285,0.14285714285714285,0.0,0.14285714285714285,0.14285714285714285
444,1,1,0,1,1,1,1,0,0,0.16666666666666666,0.16666666666666666,0.0,0.16666666666666666,0.16666666666666666,0.16666666666666666,0.16666666666666666,0.0,0.0
445,1,1,0,1,1,1,1,0,1,0.14285714285714285,0.14285714285714285,0.0,0.14285714285714285,0.14285714285714285,0.14285714285714285,0.14285714285714285,0.0,0.14285714285714285
446,1,1,0,1,1,1,1,1,0,0.14285714285714285,0.14285714285714285,0.0,0.14285714285714285,0.14285714285714285,0.14285714285714285,0.14285714285714285,0.14285714285714285,0.0
447,1,1,0,1,1,1,1,1,1,0.125,0.125,0.0,0.125,0.125,0.125,0.125,0.125,0.125
448,1,1,1,0,0,0,0,0,0,0.3333333333333333,0.3333333333333333,0.3333333333333333,0.0,0.0,0.0,0.0,0.0,0.0
449,1,1,1,0,0,0,0,0,1,0.25,0.25,0.25,0.0,0.0,0.0,0.0,0.0,0.25
450,1,1,1,0,0,0,0,1,0,0.25,0.25,0.25,0.0,0.0,0.0,0.0,0.25,0.0
451,1,1,1,0,0,0,0,1,1,0.2,0.2,0.2,0.0,0.0,0.0,0.0,0.2,0.2
452,1,1,1,0,0,0,1,0,0,0.25,0.25,0.25,0.0,0.0,0.0,0.25,0.0,0.0
453,1,1,1,0,0,0,1,0,1,0.2,0.2,0.2,0.0,0.0,0.0,0.2,0.0,0.2
454,1,1,1,0,0,0,1,1,0,0.2,0.2,0.2,0.0,0.0,0.0,0.2,0.2,0.0
455,1,1,1,0,0,0,1,1,1,0.16666666666666666,0.16666666666666666,0.16666666666666666,0.0,0.0,0.0,0.16666666666666666,0.16666666666666666,0.16666666666666666
456,1,1,1,0,0,1,0,0,0,0.25,0.25,0.25,0.0,0.0,0.25,0.0,0.0,0.0
457,1,1,1,0,0,1,0,0,1,0.2,0.2,0.2,0.0,0.0,0.2,0.0,0.0,0.2
458,1,1,1,0,0,1,0,1,0,0.2,0.2,0.2,0.0,0.0,0.2,0.0,0.2,0.0
459,1,1,1,0,0,1,0,1,1,0.16666666666666666,0.16666666666666666,0.16666666666666666,0.0,0.0,0.16666666666666666,0.0,0.16666666666666666,0.16666666666666666
460,1,1,1,0,0,1,1,0,0,0.2,0.2,0.2,0.0,0.0,0.2,0.2,0.0,0.0
461,1,1,1,0,0,1,1,0,1,0.16666666666666666,0.16666666666666666,0.16666666666666666,0.0,0.0,0.16666666666666666,0.16666666666666666,0.0,0.16666666666666666
462,1,1,1,0,0,1,1,1,0,0.16666666666666666,0.16666666666666666,0.16666666666666666,0.0,0.0,0.16666666666666666,0.16666666666666666,0.16666666666666666,0.0
463,1,1,1,0,0,1,1,1,1,0.14285714285714285,0.14285714285714285,0.14285714285714285,0.0,0.0,0.14285714285714285,0.14285714285714285,0.14285714285714285,0.14285714285714285
464,1,1,1,0,1,0,0,0,0,0.25,0.25,0.25,0.0,0.25,0.0,0.0,0.0,0.0
465,1,1,1,0,1,0,0,0,1,0.2,0.2,0.2,0.0,0.2,0.0,0.0,0.0,0.2
466,1,1,1,0,1,0,0,1,0,0.2,0.2,0.2,0.0,0.2,0.0,0.0,0.2,0.0
467,1,1,1,0,1,0,0,1,1,0.16666666666666666,0.16666666666666666,0.16666666666666666,0.0,0.16666666666666666,0.0,0.0,0.16666666666666666,0.16666666666666666
468,1,1,1,0,1,0,1,0,0,0.2,0.2,0.2,0.0,0.2,0.0,0.2,0.0,0.0
469,1,1,1,0,1,0,1,0,1,0.16666666666666666,0.16666666666666666,0.16666666666666666,0.0,0.16666666666666666,0.0,0.16666666666666666,0.0,0.16666666666666666
470,1,1,1,0,1,0,1,1,0,0.16666666666666666,0.16666666666666666,0.16666666666666666,0.0,0.16666666666666666,0.0,0.16666666666666666,0.16666666666666666,0.0
471,1,1,1,0,1,0,1,1,1,0.14285714285714285,0.14285714285714285,0.14285714285714285,0.0,0.14285714285714285,0.0,0.14285714285714285,0.14285714285714285,0.14285714285714285
472,1,1,1,0,1,1,0,0,0,0.2,0.2,0.2,0.0,0.2,0.2,0.0,0.0,0.0
473,1,1,1,0,1,1,0,0,1,0.16666666666666666,0.16666666666666666,0.16666666666666666,0.0,0.16666666666666666,0.16666666666666666,0.0,0.0,0.16666666666666666
474,1,1,1,0,1,1,0,1,0,0.16666666666666666,0.16666666666666666,0.16666666666666666,0.0,0.16666666666666666,0.16666666666666666,0.0,0.16666666666666666,0.0
475,1,1,1,0,1,1,0,1,1,0.14285714285714285,0.14285714285714285,0.14285714285714285,0.0,0.14285714285714285,0.14285714285714285,0.0,0.14285714285714285,0.14285714285714285
476,1,1,1,0,1,1,1,0,0,0.16666666666666666,0.16666666666666666,0.16666666666666666,0.0,0.16666666666666666,0.16666666666666666,0.16666666666666666,0.0,0.0
477,1,1,1,0,1,1,1,0,1,0.14285714285714285,0.14285714285714285,0.14285714285714285,0.0,0.14285714285714285,0.14285714285714285,0.14285714285714285,0.0,0.14285714285714285
478,1,1,1,0,1,1,1,1,0,0.14285714285714285,0.14285714285714285,0.14285714285714285,0.0,0.14285714285714285,0.14285714285714285,0.14285714285714285,0.14285714285714285,0.0
479,1,1,1,0,1,1,1,1,1,0.125,0.125,0.125,0.0,0.125,0.125,0.125,0.125,0.125
480,1,1,1,1,0,0,0,0,0,0.25,0.25,0.25,0.25,0.0,0.0,0.0,0.0,0.0
481,1,1,1,1,0,0,0,0,1,0.2,0.2,0.2,0.2,0.0,0.0,0.0,0.0,0.2
482,1,1,1,1,0,0,0,1,0,0.2,0.2,0.2,0.2,0.0,0.0,0.0,0.2,0.0
483,1,1,1,1,0,0,0,1,1,0.16666666666666666,0.16666666666666666,0.16666666666666666,0.16666666666666666,0.0,0.0,0.0,0.16666666666666666,0.16666666666666666
484,1,1,1,1,0,0,1,0,0,0.2,0.2,0.2,0.2,0.0,0.0,0.2,0.0,0.0
485,1,1,1,1,0,0,1,0,1,0.16666666666666666,0.16666666666666666,0.16666666666666666,0.16666666666666666,0.0,0.0,0.16666666666666666,0.0,0.16666666666666666
486,1,1,1,1,0,0,1,1,0,0.16666666666666666,0.16666666666666666,0.16666666666666666,0.16666666666666666,0.0,0.0,0.16666666666666666,0.16666666666666666,0.0
487,1,1,1,1,0,0,1,1,1,0.14285714285714285,0.14285714285714285,0.14285714285714285,0.14285714285714285,0.0,0.0,0.14285714285714285,0.14285714285714285,0.14285714285714285
488,1,1,1,1,0,1,0,0,0,0.2,0.2,0.2,0.2,0.0,0.2,0.0,0.0,0.0
489,1,1,1,1,0,1,0,0,1,0.16666666666666666,0.16666666666666666,0.16666666666666666,0.16666666666666666,0.0,0.16666666666666666,0.0,0.0,0.16666666666666666
490,1,1,1,1,0,1,0,1,0,0.16666666666666666,0.16666666666666666,0.16666666666666666,0.16666666666666666,0.0,0.16666666666666666,0.0,0.16666666666666666,0.0
491,1,1,1,1,0,1,0,1,1,0.14285714285714285,0.14285714285714285,0.14285714285714285,0.14285714285714285,0.0,0.14285714285714285,0.0,0.14285714285714285,0.14285714285714285
492,1,1,1,1,0,1,1,0,0,0.16666666666666666,0.16666666666666666,0.16666666666666666,0.16666666666666666,0.0,0.16666666666666666,0.16666666666666666,0.0,0.0
493,1,1,1,1,0,1,1,0,1,0.14285714285714285,0.14285714285714285,0.14285714285714285,0.14285714285714285,0.0,0.14285714285714285,0.14285714285714285,0.0,0.14285714285714285
494,1,1,1,1,0,1,1,1,0,0.14285714285714285,0.14285714285714285,0.14285714285714285,0.14285714285714285,0.0,0.14285714285714285,0.14285714285714285,0.14285714285714285,0.0
495,1,1,1,1,0,1,1,1,1,0.125,0.125,0.125,0.125,0.0,0.125,0.125,0.125,0.125
496,1,1,1,1,1,0,0,0,0,0.2,0.2,0.2,0.2,0.2,0.0,0.0,0.0,0.0
497,1,1,1,1,1,0,0,0,1,0.16666666666666666,0.16666666666666666,0.16666666666666666,0.16666666666666666,0.16666666666666666,0.0,0.0,0.0,0.16666666666666666
498,1,1,1,1,1,0,0,1,0,0.16666666666666666,0.16666666666666666,0.16666666666666666,0.16666666666666666,0.16666666666666666,0.0,0.0,0.16666666666666666,0.0
499,1,1,1,1,1,0,0,1,1,0.14285714285714285,0.14285714285714285,0.14285714285714285,0.14285714285714285,0.14285714285714285,0.0,0.0,0.14285714285714285,0.14285714285714285
500,1,1,1,1,1,0,1,0,0,0.16666666666666666,0.16666666666666666,0.16666666666666666,0.16666666666666666,0.16666666666666666,0.0,0.16666666666666666,0.0,0.0
501,1,1,1,1,1,0,1,0,1,0.14285714285714285,0.14285714285714285,0.14285714285714285,0.14285714285714285,0.14285714285714285,0.0,0.14285714285714285,0.0,0.14285714285714285
502,1,1,1,1,1,0,1,1,0,0.14285714285714285,0.14285714285714285,0.14285714285714285,0.14285714285714285,0.14285714285714285,0.0,0.14285714285714285,0.14285714285714285,0.0
503,1,1,1,1,1,0,1,1,1,0.125,0.125,0.125,0.125,0.125,0.0,0.125,0.125,0.125
504,1,1,1,1,1,1,0,0,0,0.16666666666666666,0.16666666666666666,0.16666666666666666,0.16666666666666666,0.16666666666666666,0.16666666666666666,0.0,0.0,0.0
505,1,1,1,1,1,1,0,0,1,0.14285714285714285,0.14285714285714285,0.14285714285714285,0.14285714285714285,0.14285714285714285,0.14285714285714285,0.0,0.0,0.14285714285714285
506,1,1,1,1,1,1,0,1,0,0.14285714285714285,0.14285714285714285,0.14285714285714285,0.14285714285714285,0.14285714285714285,0.14285714285714285,0.0,0.14285714285714285,0.0
507,1,1,1,1,1,1,0,1,1,0.125,0.125,0.125,0.125,0.125,0.125,0.0,0.125,0.125
508,1,1,1,1,1,1,1,0,0,0.14285714285714285,0.14285714285714285,0.14285714285714285,0.14285714285714285,0.14285714285714285,0.14285714285714285,0.14285714285714285,0.0,0.0
509,1,1,1,1,1,1,1,0,1,0.125,0.125,0.125,0.125,0.125,0.125,0.125,0.0,0.125
510,1,1,1,1,1,1,1,1,0,0.125,0.125,0.125,0.125,0.125,0.125,0.125,0.125,0.0
511,1,1,1,1,1,1,1,1,1,0.1111111111111111,0.1111111111111111,0.1111111111111111,0.1111111111111111,0.1111111111111111,0.1111111111111111,0.1111111111111111,0.1111111111111111,0.1111111111111111
