"contact-coeff-00","contact-coeff-10","contact-coeff-20","contact-coeff-30","contact-coeff-40","contact-coeff-50","contact-coeff-60","contact-coeff-70","contact-coeff-80","contact-coeff-postld-00","contact-coeff-postld-10","contact-coeff-postld-20","contact-coeff-postld-30","contact-coeff-postld-40","contact-coeff-postld-50","contact-coeff-postld-60","contact-coeff-postld-70","contact-coeff-postld-80","firstlockdown-endday","mean-time-vent","death-prob-home-60","death-prob-home-70","death-prob-home-80","time-symp-to-hosp","dev-len-hospstay","dev-icu-frac","dev-icu-frac-phase2","dev-icu-frac-phase2beginday","prob-icu-vent","dev-ventdeath-mid","hosp-frac-10","hosp-frac-20","hosp-frac-30","hosp-frac-40","hosp-frac-50","hosp-frac-60","hosp-frac-70","hosp-frac-80","rr.1","rr.2","rr.3","rr.4","rr.5"
3.25296867692573,3.71568012748132,4.44512872682548,4.86303392481564,4.04145361068059,3.81954771284669,2.46010069401203,3.56203949484956,11.7685768658815,1.33722626908404,2.67619086992488,0.896430117956311,0.981149711874704,0.648653557797397,0.576709946370564,0.415175112536668,0.50202096805309,1.63308354444086,143.877974074987,7.37804725755873,0.0255633968006461,0.0776034235356635,0.255209516589754,2.1256396299312,0.45978877460123,0.440301005212538,0.374590601129087,152.90160535618,0.693317509412638,0.640160222712278,0.0189816139553136,0.0262439232683533,0.038425754054219,0.0699756316601196,0.0958604584231876,0.177227315412509,0.320639837907043,0.294080319443091,0.114560269422555,0.354890570636285,0.306011956575672,0.00294395938427099,0.034071256181061
3.23379109062185,3.69765415347975,4.73982500707848,4.97868007463507,4.21937147672445,4.26145262785229,2.61454450846783,3.72111552714563,12.0579428020988,1.29975928855031,2.52343697992282,0.861227558698239,0.940089217345394,0.623600755989641,0.56688615926703,0.413419400476291,0.473756109468549,1.55667717900376,142.097342248282,7.1685090642289,0.0251761128994553,0.0678820347847935,0.239851697412072,2.09172536769295,0.477457301922915,0.430424819342394,0.35690767828154,152.214398743408,0.686567198363825,0.64272551309614,0.0156651242935409,0.0230795514632264,0.0360717163927594,0.0588002880248611,0.093072438006568,0.163681869880934,0.318536605343219,0.286443568292329,0.194699707939374,0.188638947163628,0.307137231912261,0.0442899610478842,0.0227556136031309
2.84272025635655,3.6152013323062,4.37652380252148,5.10058316649824,4.27577718448398,4.0727435959663,2.5606853576203,3.7674091374414,11.9518035166974,1.46847472604623,2.78415707008126,0.948538217927351,1.06530643191727,0.689245157516836,0.612454335783122,0.449630042468402,0.525394734101911,1.7647821603554,142.645959511882,7.33281290848692,0.0238410751996002,0.0719602106057706,0.242944678401392,2.27846107226766,0.488095648884924,0.397187200472036,0.315625169945987,154.57402053216,0.715791006789948,0.726579850552297,0.0178454244305594,0.0294800180580028,0.0411700767964227,0.0649593441813224,0.0997735834904555,0.166540442956492,0.327378692158375,0.2932013991946,0.0639157892300083,0.326983147991888,0.058352144502647,0.20752403244444,0.304736539278822
2.98430221320911,3.46618365330611,4.36048640755861,4.87501230027771,3.95515954957481,3.95685510625534,2.46344438190615,3.51735283518318,11.9960617958746,1.45562664356847,2.85114500585235,0.945753787225944,1.0724531012995,0.700916297734783,0.646065171688253,0.444995936840647,0.542320313566732,1.89807750312626,140.375282372389,7.95665021678467,0.0221481635450223,0.0740572109962545,0.233087505676614,2.0300227983491,0.507328867882262,0.452396846211761,0.390195737309763,156.069748155593,0.728414087045166,0.689345996743161,0.0190448801456541,0.0274031552506171,0.0352128235039213,0.0703380329783171,0.0942327775243047,0.179341547140804,0.315085205635451,0.280683296328017,0.224507540600661,0.353189543591317,0.124725912051496,0.144681552182305,0.0743007660929417
3.59715283381542,3.49231808813589,4.5291290414722,4.71688359640866,4.0912828148622,3.95162125258816,2.51643059504407,3.7171954715175,12.301374441074,1.58072956062035,3.0558514963585,1.02735942668261,1.11871180627178,0.73854167788249,0.678193565334128,0.475983502934796,0.570601209260778,1.92136581431151,140.537139306772,7.85002501286998,0.0206000533190207,0.0647726423993205,0.236558179467102,2.16497413585898,0.501299785832783,0.433708965702179,0.33757137225964,156.312081009458,0.713320482625132,0.741645593143179,0.018051567992496,0.0261087984779818,0.0409614644686524,0.0596561621284648,0.0898754046169912,0.175658040047349,0.310466631782108,0.263423869442403,0.103022628927891,0.508666490158862,0.0900452428242468,0.121625601424134,0.00431534994904235
3.24912565683126,3.67205449446508,4.43159225332728,4.83580486814945,4.07958595359251,3.92598010188629,2.48220655546785,3.68376594226702,12.3436415031773,1.53610499550387,3.05728204181692,1.03073830058167,1.1246016629718,0.724744012644969,0.6541396610089,0.467917275517079,0.578033966652313,1.8843490885742,141.183010409447,7.47300588687175,0.0186146050809069,0.0794232596902642,0.24115458242337,2.1002211537397,0.487063334681312,0.433323931927973,0.366651364386,156.072642478051,0.715872952077126,0.820819465228085,0.0181783402489442,0.0264933981798754,0.0359181191824817,0.0626294853953771,0.0929362104738705,0.181759238453425,0.314401792908459,0.276274528859749,0.0612505136484851,0.269254613945895,0.0987545015755615,0.317284721826387,0.119332460337641
3.40631396587651,3.65274336480491,4.67655393927083,4.8604203306128,4.16631596976102,3.98842092338677,2.54856203873803,3.73701322455755,12.2426645093865,1.50481253118611,2.96464594870092,0.979664525884717,1.06362781082447,0.719586267182112,0.647966172826741,0.462479964645266,0.564739285816033,1.81131841545495,141.786934247637,7.66006802106395,0.0185853377503073,0.0830580368055671,0.257331131716313,2.11539579395147,0.469832598222251,0.45739195393301,0.388776390770766,145.935607978039,0.68076160711095,0.81415485001541,0.0204296051592159,0.0254920536868251,0.0391214462105246,0.0671076580409442,0.0931010017359375,0.183153473450444,0.316279079060281,0.267359142070781,0.0883909664948902,0.488406682642381,0.168878575980031,0.0635041470282921,0.161076206166814
3.44124638631782,3.89075191251869,4.46305330056738,5.19594440342376,4.21924820224361,4.06194571011206,2.61823631457463,3.69664670800719,12.907087621981,1.20647823580385,2.53246269326691,0.840111185212509,0.927784520758064,0.588116174210956,0.552439758702478,0.393090320075562,0.486498306100505,1.61193026883792,140.023359149268,7.38082030809736,0.015318471262167,0.0649006651785452,0.226542472169066,2.05423382212556,0.454947506458476,0.469031806106829,0.363688836888893,146.785516053987,0.648014774776157,0.817581256811059,0.0204194117034191,0.0262215085533449,0.0397160181383217,0.0697453294881968,0.0954884698027275,0.177658360243715,0.313338101139954,0.27151188981099,0.226161031629076,0.0876054155309391,0.353765597062647,0.175767576652321,0.0541517780782544
3.57319986130028,3.91407168660474,4.7692724771457,5.18917002069409,4.56461825900021,4.28605801828012,2.68445910420752,3.96765807896409,12.4270406331833,1.21353174806987,2.38068649842766,0.812608029348954,0.876938136052955,0.580457085999404,0.526856900809872,0.370631796297556,0.436015189674205,1.48549161377917,140.421768671288,7.48658367927293,0.0162799821367495,0.0731798342866484,0.237152599242324,2.50436290424821,0.432709237416904,0.44653972799708,0.38925537540795,145.158423898358,0.613724940133831,0.767109381301133,0.0164044910466165,0.0250581883446188,0.0424827252735744,0.0643236370359364,0.0905691999164824,0.175181729171036,0.295689941989273,0.277197911735558,0.102045348186311,0.24130238130773,0.173512192673658,0.212827426625668,0.0737056350814396
3.14104818653611,3.57702307572213,4.53773985555771,4.93597644278809,4.19278543535105,4.06850213839008,2.51928200028786,3.53688988435088,12.0947052387701,1.18065988570747,2.45864652469531,0.826918618998194,0.924426327057187,0.586103391468735,0.540851438932933,0.382553525726168,0.451553334695321,1.5174994599283,141.308974729279,7.25494540228876,0.0166666177722728,0.0695857800044618,0.226307838024644,2.60812159978321,0.420201682738462,0.369046298292716,0.422744497137717,145.949088911862,0.640682473513024,0.748372487363052,0.0208836027929838,0.0256761197446799,0.0377342936151305,0.0626183226020904,0.0917005601381557,0.173272267497656,0.313312983924442,0.267107119017509,0.170175924881514,0.134189838567703,0.176554748106956,0.209490164042057,0.152087323162506
3.26265397879305,3.70769330705707,4.28637767489575,4.63398629543707,3.89703598413854,3.65830133013292,2.31041125159347,3.34538039798071,11.755228404649,1.23437260724661,2.47160544546667,0.853204236912938,0.939127248618374,0.593480925213563,0.539641038815247,0.407340382201679,0.460158427999258,1.5406107355235,143.55743282384,7.25669217186544,0.018226141326148,0.0758473781720714,0.209892716241235,2.60519408445107,0.475551264690415,0.372132545943975,0.365661458888394,152.928602057077,0.635296619319664,0.733480957969183,0.0217886681744971,0.0272742025232482,0.0381792583651707,0.062771163559687,0.0936920200317116,0.163230250787556,0.299440613997271,0.254534771011335,0.110642644507216,0.287149916774612,0.141499748098139,0.193282711830673,0.102462475457671
3.07146717327437,3.76676665558431,4.44144643101212,5.07354181769174,4.13823604469556,4.01395374340903,2.57507051102596,3.65311086039775,11.754012932574,1.26070749040809,2.70637300448673,0.90919152576878,0.978052129124799,0.638548177498535,0.582113846888933,0.412267442213001,0.493753736334331,1.61856341300983,144.301870825262,7.54485197482632,0.0175986888976176,0.0788286320760653,0.217902170745976,2.18007270434322,0.505420437154284,0.396956996614941,0.38140291027447,157.332054766329,0.620572573559702,0.77743305114215,0.0180348885411221,0.0247310586011695,0.0366128945247274,0.0626174304497241,0.0822387992544402,0.156317125723132,0.30143511612364,0.256264168245945,0.112044829484204,0.207921832996401,0.247337788020213,0.124810524564174,0.131808145860512
3.14835661387979,3.4655372179384,4.22276294003438,4.72634715379963,4.03970261050733,3.86523536943425,2.4563595624181,3.48441452563276,11.2504212009116,1.31682669499866,2.46163295443504,0.8294973149811,0.886187982665775,0.567368287422888,0.538925813062642,0.392928291150962,0.433350929718651,1.50351951789924,142.992453835564,6.73554513697323,0.0142912148859268,0.0696545856745545,0.194629910128117,2.06030226629261,0.482367398106435,0.378738778473794,0.352914878631027,162.72430887073,0.606153888300679,0.839012827129974,0.016833920557057,0.0272561720285634,0.034917521476854,0.0595526308139491,0.0848088404319036,0.156383629015642,0.315658469277622,0.250879015281207,0.122315858316527,0.18173676204957,0.43405762514809,0.0295916277223633,0.0387813844081378
3.23045175918374,3.77296743390886,4.3376741781909,4.80778373585977,3.92144434759453,3.77399492025821,2.45521730737032,3.52823803726268,12.0735061757071,1.34127645180662,2.75696293248772,0.909701753939271,1.00141975376691,0.650822275122081,0.589139946118306,0.427769848218223,0.499213447327483,1.70553705561458,142.136672066374,6.71970596197795,0.014032697172121,0.0693000132229201,0.222930984647878,2.11992986631027,0.432708432509238,0.358895469724008,0.321763991962645,165.98391531609,0.61085829080721,0.848120140271671,0.0159299246207713,0.0248039416802696,0.0381877250689146,0.0597253513230026,0.0875225287278922,0.158326230911514,0.295061726635377,0.260314256909772,0.0766488853665018,0.261337693391588,0.26277298856676,0.0945641414221383,0.0777139399016187
2.9690206506509,4.03081923170077,4.74713015970864,5.23493705897861,4.30683854665314,4.07595093130903,2.75511200133716,3.86036040770501,12.5631949742602,1.35410282960345,2.76453076154628,0.930428203806651,1.02565735854148,0.657996580077701,0.598598160125229,0.420779822840845,0.499394746252842,1.66317988819752,143.569367327065,6.81743204380488,0.0146180340842661,0.0521765727861844,0.200681920706655,2.0712162191406,0.402807110243473,0.338000186560077,0.333287395865361,161.059315615477,0.611167057961158,0.859788704157812,0.0148298523269673,0.0255850787104828,0.0386960981646332,0.0601695213883487,0.0890741386395748,0.157620309075723,0.307035428212876,0.255833302041367,0.0741655463674678,0.442155177385081,0.0952378436452016,0.0989259439879483,0.038614018474567
3.49203363195024,3.9140984292177,4.70081314474534,5.25247440930358,4.32117706390058,4.11900655538228,2.50027656924997,3.80323245521025,12.8736278330377,1.20642140342533,2.43932293497042,0.826197249231768,0.883580291489398,0.570866216983177,0.516571370566648,0.359717975140649,0.430190018747844,1.54735439218635,144.508611272174,7.77744830094729,0.0139372987387007,0.0603951880846877,0.187772061998492,2.08959295867632,0.447690150707422,0.377102491673382,0.344925652882271,163.855807152344,0.60058942268686,0.804491427491652,0.0164667780479917,0.0241901645021644,0.0378251848934705,0.0614656347219297,0.0895309657695038,0.165517166626582,0.290917945676496,0.254587736304093,0.156512690556297,0.258224296962445,0.210722802259225,0.00441295452916906,0.0930110268012225
3.32359387131659,3.90220951640477,4.87773893806462,5.54472698278953,4.55921981428834,4.41618506008063,2.66297914483184,4.01275247512318,13.273714212054,1.10872511289921,2.19558755955079,0.748586752294168,0.816868635347536,0.537895598472034,0.480632089454511,0.347748923387857,0.400810664501937,1.32671530686427,140.332165201307,8.04110830641809,0.0130530315453708,0.0591633116413569,0.195100939616607,2.02374784494993,0.440002196760036,0.358891225989903,0.313470310651001,159.367358498,0.620911569312798,0.761996593576769,0.015910948510236,0.0228356419179286,0.0382497021926151,0.0565655487310156,0.0880476271925619,0.16268195735185,0.287528910093249,0.252535725744342,0.10660003144163,0.264749724637309,0.262723632968361,0.189590526962862,0.019404673034438
3.32266011205647,4.09673472134994,4.98899181778227,5.51684563225519,4.4759629955255,4.58951816939353,2.86828451524214,3.89977307860189,13.1630776600327,1.2307826453122,2.50162844646575,0.862690638901256,0.911689422475528,0.578899468619794,0.533030506941172,0.3836027127607,0.440795809348466,1.49206675467323,140.451533517104,7.99200869578561,0.0132284579074459,0.0472913493677703,0.200626291957122,2.11700733122135,0.512518385570706,0.365698237000049,0.267810216953429,161.658184180788,0.631606871285523,0.758288272496886,0.0165567014471955,0.0199966646182567,0.0313660765599357,0.0562686487614446,0.0812734637505778,0.160864405197392,0.296475717356286,0.257125027022881,0.136456987118593,0.0995305617552603,0.265891061954723,0.175929872162121,0.0373440578345761
3.54221883367262,4.13585525784546,5.06913319761303,5.69148795260006,4.58809674626124,4.39877346574697,2.80705924920749,4.00174486456364,13.7275425501218,1.34561365592047,2.74651786301645,0.936809024110555,1.01048548894205,0.652269484858997,0.595837033807086,0.419823527572563,0.482499772909237,1.67900991478806,143.42048242295,7.97328692716731,0.0100234585508227,0.0626418353366568,0.176154550385282,2.32215252852685,0.443482874255041,0.38733593693058,0.341021118741395,161.064335665628,0.587579333157516,0.801744806698051,0.0178969095471252,0.0214875858254735,0.0319877519511468,0.0599878916030193,0.086523723465445,0.154800154928139,0.291386842093694,0.250151748689208,0.112779300298222,0.29011721956149,0.161504354573,0.0194426815254994,0.153903559403077
3.85887627737624,4.653738295789,5.50393623508971,6.13620733219267,5.38029327383211,5.03468552268905,3.08554841744352,4.59233821125759,14.4230451360687,1.41059769885037,2.85296239356974,0.959068306603661,1.05707753989239,0.663113826360549,0.628239125917146,0.434992129447542,0.520067864297425,1.68812653419399,143.291554058591,7.45860291571479,0.0100579228928334,0.050507219179476,0.176373297634253,2.14056129384959,0.457199333959412,0.329566146897435,0.307801794941632,155.883783863559,0.590298586282643,0.891231044448094,0.0183370205401437,0.0225980132673142,0.0309649446076137,0.0539585878993123,0.0834030931738968,0.150345463496885,0.264413277979812,0.252064873727962,0.0964346326301487,0.163524913253408,0.285425022204469,0.0179459033019227,0.160340210603653
3.27708072618019,4.2796226547718,5.05454917698605,5.49725343407756,4.64557805463926,4.25312477047644,2.84623237928657,3.93575668173773,13.2213677286739,1.48911624645951,2.91812762151597,0.965469463265792,1.03673314295355,0.708977531445315,0.625810591470076,0.456657006771766,0.538488528212173,1.82050839670909,142.349083802146,10.2978548690481,0.0173315313345292,0.0785072372391434,0.233584114931311,2.00666683489058,0.496821902051604,0.373809379543905,0.41337175561919,158.187619635107,0.669136828908253,0.773689161289143,0.0175356848690014,0.0265035605669722,0.0397573568957443,0.0665482951175025,0.0983226301111696,0.184205172675014,0.327474378574109,0.285948526187188,0.048286528609146,0.415273313334534,0.410950338279227,0.0827712376476774,0.0315518021128162
3.58905261023855,4.18826058252836,5.19174577525771,5.74917107404594,4.77798701288396,4.81562798044859,2.87264974132304,4.15997262325042,13.4599009691746,1.46151061517295,2.75308734115468,0.912256291761912,0.990764560265741,0.647248070295369,0.606479693707136,0.44319220401275,0.513574486604144,1.66923729433444,142.066467944564,10.214784944619,0.0199601616681329,0.0697098048333817,0.233204917745395,2.35828625546458,0.426696345089563,0.376245393567036,0.370683015717017,163.733546574635,0.670315490360558,0.753980290301496,0.0188526377976164,0.0287855023646986,0.0443227046205541,0.0694038089077075,0.097388410229139,0.161802445568855,0.316065206669074,0.280546506364674,0.136814482163556,0.210890284823359,0.402044520058557,0.142304048420003,0.0276849113138267
3.64290102457076,4.08378618849079,5.16644176860364,5.6886819948961,4.77700760338775,4.41720308479877,2.94722560391503,4.20734269710249,14.1025550960654,1.55963884359459,3.08040700712615,1.02972453980813,1.11225858059648,0.759233416800122,0.676666378750428,0.475096410999576,0.571232630568814,1.91641619418284,141.887675584257,9.43977129476929,0.0160746063489875,0.0786966867927352,0.23442596911731,2.43416740803326,0.41207305707237,0.329659376120238,0.353579763347462,164.06582021063,0.651445716276512,0.781120467085171,0.0199827019692004,0.0270674945395999,0.0430362478996317,0.0644364486873045,0.0995711399917582,0.17445978126017,0.306487175189324,0.285447795058933,0.134467906175468,0.196703468404244,0.402510331930828,0.100832665351435,0.0176330004015196
3.60512538995556,4.10939324281436,5.2001407346901,5.49410439088613,4.72078725404495,4.26519862154401,2.89515652235067,4.0760679295238,13.5508649770999,1.30769852259053,2.58927833319504,0.859557373521569,0.947897321686665,0.609697611204083,0.568057631837758,0.411929432505372,0.486373264661348,1.64965740843992,143.969830013923,9.79540027434963,0.0203466593964347,0.0926713927066949,0.235254461178077,2.31301522786862,0.447792659855307,0.378731176557686,0.369942728274107,161.694512442105,0.616000931579875,0.83444358916961,0.0191056796945827,0.0275926411394441,0.0418603542056012,0.0675455775306204,0.101682191354249,0.172069700253217,0.326833883907593,0.27992406128232,0.137506378664769,0.486584969598329,0.00293096785193102,0.186123416114264,0.0596313253170465
3.49866443598591,3.99637359732836,4.98403405297577,5.53330264827138,4.54858441803759,4.5147383771219,2.69086778160843,4.01217015337621,14.3577746542633,1.14280430247095,2.33555118647338,0.776068107992002,0.826243517717587,0.535029243035443,0.509499566185339,0.368793942125839,0.420744670875605,1.44963303003569,141.93539231924,8.87905610790733,0.0203304122448618,0.0978444731255772,0.229283763271641,2.10804425651675,0.499420599978098,0.358600919467305,0.426739484689753,160.769885699475,0.60533308365455,0.849409130268233,0.0205074868300697,0.0276801221743934,0.0392394956954102,0.068018490078509,0.0886201272798579,0.174333421850705,0.306978212372735,0.276151215437086,0.0759412157872814,0.30544709400406,0.284265594123774,0.18373922745553,0.0639133703000651
3.52475501796608,4.07495208939017,4.93028774354252,5.53377219970281,4.45063493838536,4.39815055594817,2.73989951067208,4.14865529286519,13.5262449858538,1.42992135824527,2.71167365447412,0.921665693763452,1.00473580534106,0.648393850268495,0.61653861155413,0.426074314347331,0.513617785246326,1.72948212341019,140.406226704156,9.33667890752712,0.0176341101641736,0.0942508532603527,0.243743239004765,2.28036655282023,0.437168517374875,0.395845407867203,0.316521240487531,162.405366114037,0.60424508023097,0.850952037953577,0.0181374734076621,0.0270231672982521,0.0390448314853102,0.0700165424197015,0.0918173263074542,0.174699546478047,0.315708603149372,0.275440195779458,0.0801700563545599,0.285217053293442,0.286238207085827,0.0868113750442226,0.109703505670172
3.51451103696546,4.06516813981156,5.05605427417803,5.70818974286329,4.61923740558619,4.45403430751775,2.95563102719899,4.07447716218657,13.3194742763699,1.31202867045931,2.52578058272142,0.854987689089634,0.980145642074873,0.63200587185744,0.581758075739978,0.409209916359781,0.503029403135994,1.59985507053754,142.184713677559,9.14653048066762,0.0149452511860288,0.0645571358959209,0.228579567700318,2.53531315056504,0.408708929747597,0.387601367782567,0.351112750952373,166.605509987628,0.627662551509795,0.962476916786638,0.0188161905505835,0.0275762070051297,0.0407213844854469,0.0686208224173332,0.0936801921229859,0.172606551151112,0.303973806298186,0.275064415931021,0.152100165271285,0.217818665130069,0.142426827774747,0.268952795010251,0.179555952168931
3.71335659634359,4.25752720525263,5.17828524745901,5.8670341408658,5.00976339185175,4.66315364881851,2.89353631056842,4.40238115652436,14.0020203776673,1.17573973478379,2.40534628556,0.783320323312625,0.873368478720736,0.577661824552805,0.519077356985822,0.373316760048558,0.447591814799992,1.49127324279861,141.554848900891,8.59225236147244,0.017133031492192,0.0898328891996959,0.242138143350599,2.87660176405658,0.489173898880513,0.366192538348517,0.379116942750439,166.368656163484,0.61155188348494,0.996788617728138,0.020059589683084,0.0242105559746752,0.03770442016211,0.0667391938437721,0.0945371408981396,0.178646298102251,0.311707698910671,0.276227324586008,0.069049106908788,0.50294769139775,0.0408169453984574,0.160455233915391,0.180218466966966
4.23374846767675,4.45366547230651,5.19467948113332,5.95972424288427,4.7495351976248,4.67568433995367,3.00912124718964,4.1447870695661,14.2946386285923,1.01218414114028,2.12793983221316,0.705963492902431,0.780667616940945,0.508544550390855,0.461523420338158,0.326755752141187,0.393429584290225,1.25645593428822,142.467383045989,9.09405308051096,0.0162825849253683,0.0625660872139968,0.251850256773189,2.53384018052706,0.467380451466941,0.356492980493983,0.3439906131293,171.374780919446,0.605616975594802,1.02719473409999,0.0175995110310619,0.0242774674706882,0.0375298513963569,0.0604670262473742,0.0907299160786877,0.180004116819989,0.309981951878917,0.283634448391155,0.0373096571311955,0.334298492453116,0.203256446843051,0.170755907828135,0.176974767638616
3.98154135226271,4.48666370048581,5.37852189116903,5.98248202381009,4.9418955422821,4.74341315280053,2.93174765309035,4.39595824264778,14.1498429040026,0.958275242774153,1.8364697730692,0.622130465841661,0.678600216539294,0.439387859373332,0.407608697016265,0.285237413702092,0.3478829412971,1.15534333295782,140.277388790255,8.9532501648679,0.0156907241439891,0.0641987346595457,0.230152450132847,2.31661467960631,0.430859828293694,0.353232755097576,0.289494272330573,168.869146240824,0.61748065340555,1.01713752215977,0.0202900868160822,0.0287771434327793,0.039669517356859,0.0646059627497596,0.0888545583716397,0.182865407521672,0.303127711065644,0.293155323728375,0.0715313054200642,0.453883055761141,0.242984822736889,0.137333084142156,0.0247124192887365
3.85495434296629,4.61816447694412,5.32011480239823,6.05036372060868,4.93343878270129,4.82368631036339,3.07588680456398,4.3272133177808,15.0348865024805,0.933362209452258,1.97612142499065,0.665297080822574,0.750575860764212,0.477940896538581,0.436282617947855,0.313591294848403,0.379337969954915,1.26530051680475,142.526278413164,9.1674686986584,0.0121678456215945,0.0761331071876234,0.228402549275377,2.57299666273734,0.404903717004327,0.353743827359477,0.28797772646889,169.773461862568,0.621048368866545,1.05983002037167,0.0188268996338292,0.0290106829911483,0.0361161718475321,0.0678765103424946,0.0955549314131798,0.187354054445286,0.311717946642126,0.295797923242389,0.135304247500938,0.165388170205912,0.283463412808723,0.163284744490627,0.0545469492587453
4.22675336187768,4.53457254755839,5.42502493480461,5.84265677308193,5.06776555990826,4.88765311037339,3.17231881103977,4.37103561026986,15.1146767710866,0.98725980129294,2.04720818840136,0.683268082301645,0.739524514865557,0.479512218597173,0.438605298377089,0.319494498036433,0.38294918213328,1.21474903461771,143.298637103753,9.16617438852157,0.0108924563275585,0.0838775122907613,0.205685973195299,2.37364723090293,0.44953047802402,0.260953882556562,0.281347156912483,163.989146484666,0.627597426023559,1.11412151936823,0.0194304755966328,0.0280756286402168,0.0374520530674407,0.0645723514366239,0.0946959124134336,0.192599839237263,0.33143059025552,0.292178774605616,0.0669892330806751,0.335019270423205,0.153481196570863,0.159995864196432,0.0441111533836959
3.70098498819931,4.64981617940934,5.41832911475519,6.16935407029459,5.01586044087965,4.81273654297917,2.99026768012266,4.52555237900214,14.6103090687212,0.864311872686244,1.69773271514789,0.581850917544244,0.639204259692064,0.410993883757486,0.375965665974961,0.274419822746982,0.321786863543028,1.07604788331569,142.317294801303,9.55580056211561,0.0127651830996967,0.0743434601145467,0.208438837457316,2.41284897149629,0.414887514114874,0.254864106360403,0.258402150885994,166.608436770015,0.628740374797853,1.10899925435571,0.0186007501612836,0.027774565090592,0.035487875184654,0.0717607233916033,0.100332419897237,0.187753045766492,0.32819548911372,0.294268767994492,0.0391181177255269,0.313316259740547,0.238550009685709,0.000554338307026531,0.270164207680612
4.06226462132489,4.66837200830205,5.38816066392342,6.33863724324251,5.25629420051148,4.9251662829384,3.11349872699746,4.64427069374968,15.0332752025022,0.777180683230953,1.55106373017798,0.523895773809301,0.575793961130068,0.37122730569024,0.345268711764921,0.245212873922015,0.284580135090827,0.979959141100607,141.73065668899,10.3083162866941,0.011823390967289,0.0810283717257296,0.203132981079632,2.68765100319983,0.437496500457604,0.26215787762381,0.286677692406529,166.864096747018,0.660052112622563,1.0843344372908,0.0203128404584129,0.0295262136271929,0.0410928915444693,0.0749456515388249,0.0976453029958755,0.190498058605735,0.327164375822568,0.304836346527667,0.0765762678970963,0.472390599219774,0.0414353750080906,0.115840367748169,0.0928771359887621
4.46350138693748,4.74837089078021,5.90822639431924,6.42867062182203,5.46516735791387,5.22988119529903,3.20999678211239,4.66174939577144,15.4934728717231,0.786838458529521,1.56275831053558,0.528957052457285,0.583647601638907,0.38227836674551,0.350205208347228,0.246261170489106,0.298493428000706,0.98202948618399,141.338649750054,10.247083520533,0.0123481691641851,0.0771478320144389,0.212221923358659,2.35293468025639,0.450527450417665,0.295001800883374,0.248399926767089,165.986958947012,0.650275201084736,1.1120743058052,0.0233327343499355,0.0276567958934222,0.0445577164919434,0.069779577405529,0.0989231137962868,0.188400892907281,0.327750953339421,0.299739168880609,0.113951330245615,0.249001848650541,0.350696177458711,0.0552356159969448,0.139838353923559
4.10752053613094,4.77127500563,5.84510943856757,6.5768611071242,5.5854858321087,5.1821484353722,3.42401023142329,4.76322836350286,15.7141828064801,0.823490249915698,1.66071389134155,0.554107651142053,0.617319612963834,0.40938299889026,0.37162293339261,0.268182734390507,0.307966902533611,1.02548896276537,142.359847117112,10.0540513779069,0.012370367872655,0.0694862589024376,0.211511151863533,2.31015438176508,0.41181435452884,0.313409995902564,0.269925716240465,163.049313255577,0.633347120810029,1.09547123853143,0.0195411686926566,0.0256863581863546,0.0418938840411405,0.071030491287329,0.0988077619400725,0.185971905391181,0.314545078445136,0.289473392107128,0.0522627353978367,0.403455855408172,0.16588587323443,0.236333455878479,0.103034829118285
4.54717066093338,4.8946020307688,5.94442797938841,6.64419621974671,5.61620512589111,5.26934537197023,3.35877409127372,4.99597446418718,15.912591430448,0.796057557176493,1.53905417350664,0.511292218894856,0.567387076025235,0.371385558894767,0.338569703200199,0.233651108036623,0.290223713165895,0.956397865016624,142.080180180538,10.2322917534838,0.0141198310272258,0.0707580612212759,0.211717322632266,2.01519783706769,0.415923064632357,0.288138601343451,0.262100893947828,171.188174202153,0.62588544976883,1.09495395430016,0.0206340444527726,0.0263699259464102,0.0416711526821971,0.0698023609078925,0.0926187918418589,0.184870642019037,0.328738179032236,0.292813551363677,0.0506194387269867,0.23439321032527,0.382903422343334,0.217020558881641,0.0419407529578613
4.53936171535606,5.00461521096963,6.01083409194791,6.61106793627213,5.49108462438532,5.39480654743491,3.4499604874992,4.92001856470114,16.7395561965025,0.903130435218141,1.84373854733664,0.625240180435494,0.670631874735402,0.443300105692736,0.40650788378651,0.283259451693487,0.345799841840281,1.11891776211928,142.25668807329,10.3988860291992,0.0145092193215117,0.0699199256527052,0.20978370405295,2.05561991160137,0.453385387618282,0.286947926421955,0.259304981246443,167.780687397111,0.634424346779876,1.08877140885662,0.02055798652536,0.0282991132065958,0.0409089275255503,0.0693076438190026,0.0837217138048624,0.184967770371231,0.330684247095478,0.299331852781315,0.120822272090139,0.168513660400456,0.231132072686103,0.169230510542766,0.178745716410788
4.02017528233121,4.77659698940376,5.83179051279655,6.44116555993523,5.23902416144241,5.14142928538804,3.24760609942839,4.80187082995195,16.1673189290461,0.948101474824995,1.83216366027215,0.62300947447834,0.662169468521545,0.43761000673574,0.398971882184062,0.289227389581941,0.338982260037346,1.17828725516186,143.902112333079,10.0609559320544,0.0148944414330438,0.0796623962186684,0.215914443573366,2.0465306574519,0.465566625421237,0.324264769010179,0.270223468668656,171.553143180545,0.630070724936773,1.09341057340507,0.0199414389037067,0.0256618884835932,0.0405137707363178,0.0668852987906308,0.0903943532777936,0.184445724447756,0.322265396749152,0.307447304556788,0.116599656569968,0.455947840293102,0.0726937351398191,0.154074825450992,0.00959440925921392
3.92154073187906,4.86730065293207,5.82252522268238,6.47924995176955,5.23809730699333,5.01574772703073,3.12659965163037,4.73945734558641,16.0517071666626,1.02669564473766,1.93466538408286,0.656129870025456,0.711436587687582,0.472759439702271,0.431477094750961,0.316406389557931,0.362097335315498,1.23688645425763,142.391076246178,10.6938589399043,0.0130443057542085,0.0749262140877164,0.224765300535817,2.03137329628969,0.479955340682351,0.317921253555666,0.290677786256846,170.399565726559,0.620094748801048,1.11987478342843,0.0204611006174117,0.0248782897064314,0.0405292015330053,0.0719267191128836,0.0947191067316411,0.182894014880461,0.308903113141643,0.297994876708381,0.163009463296578,0.023870738141176,0.337154812962554,0.291599959520934,0.109215230703226
3.37817055366899,3.64807813929599,4.41740497075684,4.95050116814005,3.97821163794317,3.87353693156517,2.40865343668815,3.48603614780142,12.1493746222093,1.02320022688891,1.98076794416619,0.655669443133313,0.727229092119259,0.46182241010951,0.432507185113685,0.31224966725525,0.361880662048192,1.24202034874525,143.553110018862,7.97182005977679,0.0275197549271296,0.0746557501340251,0.280224677221578,2.003571983863,0.527472430504996,0.513499793256489,0.351749654584615,154.913907421824,0.659845267987128,0.786247077642282,0.0181223172323534,0.0265455437315271,0.0365969564812526,0.0599652862760527,0.0952003854736939,0.171563582269174,0.316815191811397,0.271518315578377,0.115719776323809,0.203165731711436,0.350742477269368,0.0917917826398856,0.198438341491609
3.26900712779683,3.38663974641707,4.21366276955737,4.68660685395325,4.08723919256667,3.80466610897372,2.22557082947224,3.51237780370626,11.6680389090115,1.10545382447843,2.18235000289886,0.733302586678006,0.796695113812208,0.524196180199379,0.467243879024329,0.338826942506805,0.40213937036107,1.30475337503709,146.418625967118,8.62376887366248,0.0252046479311798,0.0780993887297358,0.254360029232688,2.3476940850262,0.522777594805711,0.461279658453375,0.415945627830127,149.86561496818,0.650678715227823,0.793289184771205,0.0158148623685335,0.0283456704770665,0.0395062550811338,0.0604283465252266,0.0877675908378271,0.164996865198158,0.30826723099759,0.263714016959655,0.0791745688316738,0.366912055072989,0.0345967817719799,0.322536308463927,0.101370869843792
3.19083733899771,3.5389299683549,4.1677486768427,4.55720210493435,3.68742641945884,3.66417054081071,2.23773742507305,3.41488356392322,11.2797350416416,1.15747921635801,2.32095348406209,0.779391640012907,0.848768622707605,0.559966697576903,0.500420545679234,0.347225893818627,0.423420528128382,1.44940046229651,146.181603397949,8.49372504135117,0.0254259178452409,0.06658679712874,0.236829531513808,2.21874538532291,0.542522087489661,0.526827622779429,0.415526945441968,151.268560134056,0.628380665406206,0.812879109582265,0.0181547610500836,0.0249722299477251,0.0369609066430498,0.0600889224195195,0.0886159637064394,0.163592718526951,0.297182560272764,0.242009132744604,0.0449526522292974,0.348032840868431,0.11886009742251,0.0568629906773563,0.303273004086974
3.03023573044735,3.34863731204327,3.98093713005669,4.39445379081329,3.67832290870612,3.44001863200166,2.22572295235279,3.34965984256197,10.9609609986566,1.15865135934369,2.26179042629557,0.758225085359128,0.808490523221708,0.528902870300483,0.482090139921601,0.346726849732015,0.423172850158915,1.40274040947169,144.2348464805,7.37824677283578,0.023841141064616,0.0625049641147198,0.23977415894988,2.35487686137756,0.530211224648113,0.57068437788101,0.411188023287693,149.978998543641,0.632263812267381,0.834396553822962,0.0166064671521703,0.0239681760507639,0.0410698228093163,0.0610507203260945,0.0839362622103402,0.156632913200135,0.273752041177224,0.244595521526636,0.0663105234255796,0.317646689527492,0.271412383866964,0.0482233865458923,0.228155047746057
3.05206999254094,3.38725571261995,3.73852753548874,4.10254716598628,3.52992780383045,3.30837528705771,2.08863947993054,3.16969129489443,10.3013870076963,1.23192173637347,2.40214655576739,0.782686623702727,0.875271603950982,0.572185165911018,0.525968160199489,0.365937447061149,0.455229843456698,1.47140345680768,141.524486916399,6.8540594858854,0.0241367875022538,0.073834175124358,0.236726268732153,2.0491168308955,0.556285442465847,0.554823400926322,0.440670307369742,162.70148186664,0.640642863517266,0.775473789575929,0.0195617118927391,0.021809193393515,0.0358851732879755,0.0580110079568865,0.0834754057874556,0.151799072517001,0.254845374907433,0.239911045104546,0.0505595096756418,0.265774175240936,0.337161263843106,0.0745231109017556,0.0646544445557117
2.98897764487477,3.3397282206882,4.12399228401424,4.50700971170469,3.65301375028148,3.53595108651511,2.19328016825562,3.27291649969325,10.8328861642054,1.55075370038361,3.06182937112008,1.0681561360072,1.14395103261672,0.7410981439129,0.653560180485757,0.473459899032907,0.567193148380725,1.89708784909833,140.354895910211,7.24018822121239,0.0218753348880773,0.0656194564172602,0.236479009052673,2.07697842589426,0.520602970746352,0.537870440739123,0.403481850116866,158.813150412065,0.681509908063927,0.752162122604871,0.0175909415116098,0.0243849657641194,0.0307537879981989,0.0577138419463841,0.0787086168800878,0.153768098284253,0.262386878404795,0.246999756145858,0.031218237624535,0.170643665841998,0.35570143174855,0.0189845178625819,0.266821428442583
3.08679621014497,3.70228496888563,4.1936337165788,4.73376448710509,4.06533453591401,3.86429062724315,2.350562753746,3.49654261858135,11.7321305881791,1.56063828386974,3.06764525391549,1.04615265286392,1.14873818515024,0.758389154824275,0.689340155551094,0.474086754113556,0.561600774279897,1.91125885470038,141.716321782285,7.10964057161249,0.0181961161527779,0.0612279032596317,0.219045629514965,2.10347093226555,0.54202492753033,0.570422840898781,0.450189039957797,161.989529428742,0.684349492295147,0.814730032990761,0.017618974161904,0.0220403437169479,0.032099641259648,0.0524513361452736,0.082947161396924,0.155509384872022,0.254586974102011,0.230495199068512,0.143575943481706,0.0817848180792771,0.114524977953186,0.370283372984886,0.103029089938648
3.12000072723604,3.93371153423019,4.64956264662169,5.20777790895861,4.20262079295863,3.95033420258337,2.57024784864201,3.69934919663549,13.1507781460291,1.62103762276759,3.27925971218866,1.13753396321876,1.17984199675655,0.768768412792951,0.70008120385734,0.489608776084577,0.597129954398624,2.01493027969201,143.330564352443,8.111812178443,0.0191343191059226,0.0763067224338435,0.206253310531157,2.00085920917292,0.511583350553392,0.49345683739269,0.37344063540728,157.98903953508,0.693039363530414,0.799778816081084,0.0171028047568894,0.0230855859990642,0.0335732841087923,0.0611075330065037,0.0880440484580458,0.156952945201637,0.265008348565683,0.248699583745767,0.13707467374885,0.107921061026502,0.314617649035062,0.13950900091223,0.0411162823992367
3.53523539294569,4.24507424627843,5.01787958701496,5.53161148698685,4.54866646737629,4.57042190109784,2.86565739022422,4.00971583414313,13.7230685400594,1.75185027114659,3.66891344953553,1.22102354103567,1.3014672296593,0.873270819255645,0.792444701534236,0.565883383071203,0.683074884586206,2.19679569915335,143.647671475729,8.74940044795441,0.0199743088636512,0.0707758839811866,0.207699398401519,2.20328671259693,0.566083208067142,0.444766998500179,0.387415953641348,157.290991729985,0.674422877373237,0.787397904401002,0.0210796929280653,0.0222421331614396,0.0338642353819915,0.0535695751380071,0.0808086057893188,0.159467534027205,0.269083807235318,0.255805160864002,0.062729823268852,0.33227291845307,0.387761176018552,0.054418323601542,0.0296931660284913
3.63643907846121,4.36165383355292,5.13433015244594,5.67303403887954,4.67921200933018,4.4084229452719,2.89518684071077,4.09282617252013,13.8735029293015,2.11592780277543,4.06513467438982,1.38106176752434,1.51589428957774,1.01136411012478,0.904577269011389,0.643939223065917,0.753784032705924,2.52903747374427,142.743665888797,9.20686076425922,0.014834077180144,0.072021703466306,0.195911070803622,2.05319782911481,0.591704224312405,0.369476131281332,0.427954200821203,159.093525306466,0.712416416398187,0.836466674164487,0.0142742098886996,0.0224646744873293,0.0329739959788556,0.0536053310753878,0.0849905604606661,0.158470197302837,0.283662745806031,0.242814216144604,0.0520132227866103,0.31773849698329,0.405951603634024,0.0031522494683176,0.0272518638337351
3.81490022459711,4.53730313860146,5.74870358986332,6.20356007709878,5.28161037311786,4.92978960269608,3.1170184353666,4.50800478540743,14.2342694859513,2.16153961323651,4.10584789219313,1.47163017127772,1.55895409613925,0.991570364745485,0.898139608618243,0.648954472994368,0.768825538524626,2.5674733636402,146.676731478881,9.4355938068539,0.0129844884047635,0.0494756071142468,0.165733000871038,2.0419205764997,0.5200923775381,0.361974264000673,0.279599965554039,153.148708805831,0.672500515528856,0.769370905759146,0.0174352898029877,0.0209044190352312,0.0315744766952393,0.0588073799106553,0.0799389211028115,0.152150996525057,0.275734888338555,0.238335255814712,0.0861532674531567,0.272571977440623,0.327383719580885,0.03738328865552,0.0296648831348845
4.08478716175998,5.13272533430122,5.65641133064026,6.50361292205817,5.312796211996,5.03531762827805,3.20644587055613,4.56781070589239,14.77078928925,2.00383893500046,3.97413067692098,1.36144368739859,1.46628492168897,0.9408503880544,0.849593286557998,0.608845586523105,0.709489717029384,2.45226084068882,145.80921312254,10.2774856480797,0.0115597832769319,0.0500312504042571,0.179748375172809,2.42184329881358,0.560866416875374,0.388765714603541,0.302413179142488,146.654952184632,0.720229847549927,0.717284864142488,0.01586347363478,0.0242399952576783,0.0317981812270516,0.0590739914862761,0.0776532107764351,0.151691284484357,0.269366324047722,0.225843352692848,0.122625050814145,0.248966199967191,0.232075770453695,0.0893157883413242,0.02073323285835
4.01998774883437,4.8499711946553,5.7718822054051,6.36094940952955,5.04712033724041,5.06991746227665,3.0801612673355,4.56046143849652,15.5105842912171,1.59197406164143,3.21156374942928,1.09686908277885,1.15550307655771,0.752816361208305,0.709175961157584,0.495903607241407,0.565463070912052,2.0050712956788,143.942967470913,10.5030407134802,0.0103548092511966,0.0637809244408051,0.187014976254019,2.57472812345934,0.630506719450651,0.383255234972099,0.355903658526644,152.595583831391,0.732861053139874,0.780241048019541,0.0150012954639283,0.0201526876565156,0.0331107331907319,0.0544856374439193,0.0714235864918253,0.155545184981414,0.273350379815257,0.210898652261116,0.0312988150728046,0.406102337115326,0.0624774862241417,0.174345642052318,0.0516568592235085
3.96312708926224,4.77317750496674,5.61803424162555,6.38397301083117,5.1070803887676,5.09982137033295,3.23383499644195,4.55396237270854,15.8885996816361,1.415409019492,2.98842351887391,1.01439028239279,1.08174679311133,0.698158607435587,0.621652886198924,0.441053278294655,0.533906792494729,1.71078194313976,144.507201069598,10.2576985075582,0.0100707300886148,0.0553194318677827,0.201843616349681,3.11416830233183,0.63997147745126,0.467469004152421,0.369023538957846,155.85181422167,0.723640331259693,0.864025013761983,0.0150357603721712,0.0221137031208843,0.0305790371034582,0.0562235646254136,0.0762583314269905,0.150116652513133,0.257972588181479,0.214588335779283,0.0274798652474855,0.266475361409207,0.405998566259188,0.0218215026147711,0.00740210260092196
3.71863286993797,4.42168179233259,5.35304297729033,5.93388480477666,5.00325625717829,4.85755521363984,3.03009082282049,4.21147603769719,15.0395573871027,1.50389599757171,3.06032215318143,1.05266320222099,1.11286887313866,0.743000878297208,0.654635304632615,0.464657197344319,0.547914758522642,1.81450524410361,140.377028552743,10.4711649506192,0.0106582182029521,0.0699697292603626,0.164576381999151,2.65473289736294,0.57231057318763,0.453444356059469,0.350164956548823,154.868022184999,0.700075009038434,0.829920547945207,0.0142975335842271,0.0232567033067659,0.032892296000716,0.0501178146100425,0.0743266786133509,0.151167086981042,0.249053859365434,0.223369109658257,0.124550028136494,0.299693165287275,0.0920477397221687,0.0655589370227708,0.0809127118362776
3.74775305790337,4.37208644429684,5.41080018396531,5.77821920535911,5.10518800204191,4.66202921709747,3.01112635748447,4.47321286207757,14.8452066288247,1.1581283843802,2.36988165146,0.82544349581836,0.880012919633348,0.572420590310485,0.500697079971545,0.351915341881999,0.429139178414903,1.42784192423836,140.37685703784,11.095643921537,0.0118907031681568,0.0585035035550107,0.163912414679477,2.26737131045607,0.48509891646344,0.415500594016737,0.316393593519056,153.531655800052,0.68212771241255,0.884892904023883,0.013199885672533,0.0213320730405732,0.0294329653276862,0.0535296799950313,0.0767771669537836,0.151029320496156,0.234828078027541,0.220531197140339,0.103923357668168,0.110342724397117,0.218245312829891,0.181357847164673,0.0542337698726021
3.93650955050646,4.50785295231407,5.45671662561414,6.30858984670006,5.24900707832003,5.03333351823537,3.04226070368297,4.35756795428178,14.5087026820252,0.915983346812752,1.91548489527615,0.650505182348859,0.705469226092546,0.460235211563194,0.412709345516627,0.295066377439455,0.341364411064513,1.15181756384175,140.159451603181,10.7854557105286,0.0105611768577257,0.0584762079906874,0.187511860333953,2.15593225439916,0.510438194742652,0.460983780159261,0.321099811112421,154.92397611658,0.712093851294484,0.912023307759698,0.0144799327853995,0.0194523430967566,0.0334549967892186,0.0466796086875814,0.0722403352426638,0.152180387215183,0.236707843029629,0.235537154128346,0.0620068862184534,0.481773523865527,0.127696411822524,0.0271602373473545,0.035296033477294
3.67695751855787,4.53266851391127,5.55387770382633,6.06968362782459,5.00247638682423,4.73223959906568,3.03474862759547,4.17628195987916,14.3257709828841,0.98319707777074,2.00048278044066,0.685890281761751,0.742224722758974,0.483277290367584,0.429294575528731,0.30332613433058,0.353849530608833,1.14608485950878,141.522069496512,10.6855539931817,0.010385281377292,0.0565697612453371,0.166177690838837,2.09157081778061,0.535639780430612,0.384967945423491,0.363488124307199,147.147776819355,0.718010626118324,0.868497707629204,0.0124903008272631,0.0219216998236442,0.0290069551742078,0.0486734400681429,0.0742246716686641,0.150672096558759,0.243591434899225,0.219290511300424,0.0697611592529776,0.220405048254037,0.246818048016276,0.0436274254531899,0.037437982103658
3.46470305942367,4.39554541941352,5.56777829386511,6.36733847668795,5.16882016911095,4.88375804352396,3.07210155650677,4.39410189591087,14.631777975525,1.08150168026857,2.26822684282923,0.765182945910617,0.830376441643816,0.548112484956637,0.478563739101994,0.350365414277839,0.423398048374595,1.38039778186734,140.151780758103,10.717229286936,0.0110643733268756,0.0580296633038714,0.188197561734735,2.07953483476865,0.51229793050525,0.417989648243847,0.330634769092071,152.295269062619,0.692457432219943,0.932111493338876,0.0153659654325449,0.0208902710489555,0.0324784127558652,0.0524891588733591,0.0762514327480409,0.152839333116312,0.256904653015103,0.219986496750438,0.0398760917494905,0.260417651877632,0.14422548512682,0.336742082048536,0.0145304935717432
3.92657948323255,4.60389045000439,5.41615239674363,6.12841212405819,5.07190053765023,4.72730844584078,2.95727483316635,4.37167923728626,14.669846051005,0.918563362647711,1.87721499586204,0.631028571765991,0.686397989459303,0.449829759103784,0.4053184339055,0.293585490500941,0.332303370221146,1.17496580705338,140.233143751605,10.3365448570864,0.0127170042256608,0.0497033158460586,0.190207256392541,2.14690276553059,0.459622242526342,0.407058232617088,0.355190423280234,154.572464866188,0.681618731484434,0.920635658720799,0.0143059377418638,0.0211214378982259,0.0329867736452004,0.0520575076146101,0.072177576235265,0.150031249030085,0.264111661533471,0.221011781297946,0.120074885980282,0.012437203255076,0.433612006840236,0.120657048683981,0.0589825836401045
3.21449933937327,3.5579257395794,4.45892217117803,4.90655586225356,4.15752838860783,3.85477591596259,2.40332479524769,3.58014263576599,12.1321685016303,0.951361936418404,1.83738180015485,0.60874151646573,0.658559169823191,0.439526617243803,0.403384110934271,0.277080173047521,0.338771272334504,1.13122369332965,142.590877161432,7.12711524783416,0.0183116684215849,0.0661279523836138,0.255370726357864,2.0403119531364,0.529904700196292,0.464726299464358,0.375738196132664,171.016961908379,0.721778919334402,0.733780947195585,0.0164245174977941,0.0220934031512141,0.0357590729216144,0.0587345949262272,0.0815901487441629,0.160140622258287,0.299794411954304,0.257860490837848,0.216132097298397,0.333160589757472,0.130092415287099,0.0243907841934149,0.186060149433229
3.07351417791293,3.88679854753704,4.38388341058365,4.89423102939966,3.97033327471982,3.9195227080004,2.45296665545789,3.6432186766892,11.9377950799086,0.755973275713237,1.51958086007233,0.521276978190418,0.567738524649357,0.374702171891337,0.324705180443949,0.238326685772668,0.284367705950336,0.905474778153395,143.979883926662,7.0124188029365,0.0182428155594961,0.0664597347843493,0.243596092073545,2.01448315125077,0.526963659163926,0.475256232625647,0.414268071794387,166.924861901182,0.722289980146901,0.701419249454544,0.016058147973263,0.0248667483430709,0.0352566177195533,0.0556805949310581,0.0821629404863776,0.15858058658203,0.299348936038776,0.272296065075343,0.0587361813011082,0.29949278018312,0.184830344002371,0.0602046539225346,0.197271875452584
3.25331361073612,3.62115766299867,4.45882275841222,4.81214114242845,3.91584360223244,3.79723150121528,2.54877052572279,3.65962867547543,11.7278660597531,0.818164480053066,1.6351955650022,0.538012673366021,0.590621073242544,0.384450098728294,0.352511837163613,0.25856525826976,0.294226684653894,0.965826097291185,141.850638456446,7.19835007360263,0.0187735592043133,0.0708794917894153,0.249774836204114,2.04155655544871,0.557447723151674,0.496424962720946,0.387365079400185,166.824667865819,0.717808812100614,0.741777214831498,0.0155836164721706,0.0256117741068898,0.0376376185097861,0.0575735983655678,0.0827102617974465,0.150639593373785,0.287097935347589,0.277450800566898,0.0504657752976509,0.375644397633426,0.329490390873785,0.0870541433853879,0.015502424255462
3.0414406845305,3.7668138434647,4.53570962581294,4.95476938835525,4.12399509983715,3.89596488366161,2.46997202665297,3.59421737986089,11.6551749529929,0.910422209525322,1.7957109546152,0.602491762845928,0.64245283628108,0.425819890518197,0.390599641230027,0.270434200891963,0.32082424263678,1.04465780876823,142.866032606682,7.33810440231357,0.0185629329838724,0.0684851435603213,0.255782770843217,2.23482010175385,0.581498361046193,0.432593917341821,0.366096564095575,170.433877833272,0.716975943537122,0.775544624542093,0.0177398342203772,0.0268119474860853,0.0390822558723785,0.0549957668275813,0.0850985245685993,0.1579553523252,0.295818219482888,0.280881062360787,0.0601741986408017,0.442952422724628,0.173009827407143,0.0815903993037055,0.026401795392953
3.37943914452415,3.69176709660484,4.54686587328173,4.98055197901549,4.18269874608177,3.99472955644053,2.49464243299219,3.93575945346107,12.4220603229744,0.85133431766666,1.66090823142153,0.569789908442787,0.611917579415477,0.415185281856566,0.370963217224829,0.270877106314095,0.321083934636856,1.01209800077371,143.643029991276,7.54561234773615,0.0195479177540653,0.0708069802734362,0.238380137967387,2.00442901191526,0.606971652081791,0.45019624570319,0.31006092931857,170.388949280803,0.72650647816156,0.773079762312743,0.0201278587946551,0.0231851549083788,0.0409744891420344,0.06192277801644,0.0848407318862762,0.158157581369349,0.300120626953356,0.265528367191857,0.0768206126272401,0.430436162332237,0.140774662261769,0.0972764785787763,0.165132552847139
3.51080426264421,3.66612481096248,4.64759486380368,4.94800397783295,4.06587539461301,3.94566323493745,2.57122472154757,3.78499081275059,11.9212094877261,0.912687366207654,1.90428397357372,0.63031379357551,0.676669953742191,0.443484846049491,0.403286863962343,0.298055522537898,0.348222851376898,1.14800767321462,141.510539809714,7.88285628069416,0.0196842404450467,0.0595666285934962,0.240419552295417,2.01955784710383,0.590997564741201,0.40170939386321,0.356986894045632,167.028673773406,0.741511589214498,0.807762437487903,0.0153599673371194,0.025608767395782,0.0380099831262681,0.0649133514609864,0.0885761597748724,0.152397175537307,0.291592374135583,0.268613579878871,0.0790579185380727,0.378402595382786,0.251878450017895,0.0590442547965653,0.0373990192549183
3.14133975181282,3.77204098655722,4.56910447835588,5.0286282153658,4.03895884513051,3.85681212428683,2.54973014025834,3.72710028493494,12.3874692711385,0.914137074065203,1.87574557100012,0.624594980056133,0.65449477539538,0.431989529558113,0.408091080040104,0.291985839022117,0.347818909131145,1.12384455067184,140.450405362978,8.05803850424153,0.0172824869196038,0.0639782659838644,0.236420495904201,2.23116290316376,0.528831756526161,0.438491316302538,0.391993946402902,164.334391358929,0.742416673236863,0.841110364758964,0.0160865454572673,0.0229948647428456,0.0389821557780732,0.0672877031263173,0.0917152861477385,0.159526749376139,0.287802601555734,0.26044817772437,0.0707106930822366,0.309463565845046,0.170147739026053,0.344190687434881,0.0273857141747847
3.12745086819579,3.74169812712864,4.53372226058875,5.04453099364802,4.14649033113426,3.87826844098619,2.67177816129345,3.76063128222132,12.3483375392214,0.92787943394914,1.90709025077463,0.638143856912627,0.686840601064356,0.459092390524751,0.400654029295844,0.297492537564503,0.345753677839147,1.17498189584316,140.928414091431,7.93554574874045,0.0152744271963406,0.0700866394159139,0.222883467287523,2.3666575768202,0.488364986471137,0.395691039065779,0.37787078103342,161.355006219487,0.730393242758323,0.768965922220754,0.0176849430101986,0.023247247381838,0.0376887437912996,0.0588570177369988,0.0926674536812367,0.15579912857208,0.289210286043834,0.249009220279972,0.104954882401924,0.239590587394897,0.314502174624748,0.142960858768253,0.0137032018901086
3.02826584283523,3.60521176785899,4.43650683348786,4.90106028630383,4.05948417107949,3.9465197167961,2.34564629166705,3.59197757801882,11.9243924788221,0.933759735084163,1.91278593667593,0.652327160679872,0.699720650559825,0.456276054077927,0.407829030656134,0.292631599339019,0.349894645580599,1.1471363212967,141.617400024221,7.70801268082193,0.0174366125364797,0.0411612806727563,0.202877186697797,2.55603333045274,0.468403488602497,0.374468705344901,0.33169260579828,158.228982172354,0.732265753236133,0.803878096377534,0.0152259066248929,0.0249505957549586,0.0350033538453206,0.0578073482037888,0.0854917891343626,0.166651367039122,0.295642479321906,0.250275146748661,0.0836902455538899,0.096800558566964,0.511269243859448,0.03124717157136,0.0359317536878819
3.2881193898395,3.68407050437502,4.57878852648802,4.99661692249498,4.06222074126067,3.81596342638716,2.45441493230921,3.60751312759406,12.6514663132606,1.03517278406573,2.05320413340704,0.701199600910576,0.755837359944417,0.489946457919222,0.440147931165593,0.298453022771242,0.373355335665447,1.27033965607874,142.503993118068,7.98963287142231,0.0147291597398439,0.0480954245800295,0.178300842076635,2.79325505379696,0.496336329964395,0.373244227629395,0.329087717902288,161.947055229592,0.744911638511495,0.820280707711026,0.016454754036871,0.0230637354382404,0.0356900272221089,0.0544299895115785,0.0811779662222377,0.165699176603742,0.291832495675307,0.241787846333349,0.0701396356050752,0.181911619918001,0.312558553868477,0.10953513933739,0.00290853534028442
3.42909252255324,3.53464028683832,4.57973847322552,4.93781731866255,4.21377672794668,3.9190871708481,2.37686888491817,3.55244636111765,12.4068519851689,1.05105392174408,2.12963277373252,0.725341360773147,0.797927512545006,0.511085806251023,0.466802903850986,0.321491033262309,0.38385955270146,1.33419124715008,143.180463277934,8.40314338968541,0.014683811578687,0.0666620108464572,0.192620910732876,2.82717867420399,0.474937828839247,0.392177565864737,0.364025938700969,166.556661777079,0.728506854559473,0.807597603191039,0.0144478005013236,0.0242306553753138,0.0341484026715856,0.0558890993792142,0.0819068495205323,0.17122521347398,0.283394374467385,0.240248188698631,0.0826020661826488,0.201807381298962,0.062852460731561,0.336754172416809,0.0573700752075947
3.4414272434063,3.80082945593958,4.42265637401715,4.81803034296099,4.01106762086497,3.71021581297736,2.33329521657036,3.72272909552228,12.3524442907725,1.10901770471441,2.12991800650245,0.722156542152754,0.781104381911602,0.520428920768441,0.463304001733834,0.321780567452726,0.380786174108012,1.31522670175595,142.500959960648,8.64805445905681,0.0164293779987423,0.06995851964382,0.183800566970534,2.97898490634792,0.448736165933176,0.422159790540119,0.318605181314294,158.474448251614,0.711814320489898,0.781498161131344,0.0143870708535604,0.0226437795380512,0.0342136244553592,0.0615841541484756,0.0863975291111278,0.17208553097896,0.290828576009127,0.24430258756214,0.0912501543478828,0.105394945353985,0.315708152610301,0.32417701327693,0.00876780728122219
3.01542734675693,3.88040058871464,4.56200196051349,5.0696965369478,4.34134690334823,4.07977313309948,2.4913791987743,3.80873927849559,11.9779765554643,0.927173835695681,2.00760064406628,0.664034270102722,0.721465186337336,0.454466903248059,0.428639928185279,0.291675861189452,0.340101838879425,1.17352825841853,140.280098575562,8.6238760764643,0.0178715480919112,0.0444390672674802,0.21384134467002,2.85702990831294,0.472460591634636,0.442723011102937,0.362356576054695,151.342844999519,0.720300516471824,0.853129555651397,0.0141598678261414,0.0253324057418071,0.0351022598729364,0.0569579113608331,0.0811220461761802,0.174583292847745,0.286015419785627,0.247595117230609,0.108050570882334,0.0919078518534186,0.501258907103507,0.000799424314448327,0.0611474829716528
3.14062344288622,3.80487335075456,4.72363126335264,5.12117230953479,4.28655933466958,4.10600769519387,2.60079685312836,3.94181893918781,12.735856756496,0.908483528715133,1.81860016636769,0.612724166516428,0.666998418587475,0.434571440395204,0.398151876251971,0.278963350676203,0.339218242542445,1.10195578072236,142.192642955711,8.67827488720744,0.0162446899815586,0.0593946302277095,0.215945036902674,2.7875750541274,0.458428575701672,0.403304630472314,0.366549811527933,153.559320570705,0.737933580378373,0.87761565364963,0.015704870457111,0.0262502505183851,0.0343798960181593,0.0557549461081523,0.0805388007418447,0.172577978458291,0.273421129001852,0.247580477383765,0.0460572137634371,0.399724816494756,0.0963613839739144,0.11081541014066,0.115155225543791
3.36666262454399,3.91081183287283,4.7429404996237,5.34093372985156,4.29826326795287,4.02742508579977,2.57475566732573,3.7926184601265,12.7854959294575,0.970459908121674,1.96496247978058,0.650182231370251,0.69399624412063,0.455808234613289,0.42358817232988,0.294156706963461,0.345468021826291,1.17547930421594,142.022417147952,9.12676472815741,0.0170983104368986,0.058604459878793,0.190809148843068,2.43341130881149,0.431495593047572,0.410903291700212,0.352099122984821,152.525203433766,0.748025299328345,0.890580352582223,0.0148025380051958,0.0246801418410149,0.0348508551191399,0.0558689903729405,0.080549605948265,0.159191998265304,0.283751679790465,0.246654319265188,0.155918078836209,0.206528968189428,0.270469593078042,0.131753385038946,0.0688907655298181
3.55997972122734,3.95044285413736,4.7826453418033,5.32691137225722,4.5197168613467,4.23497540268447,2.66971873575283,3.91463791582014,13.1157839768056,0.979795209263125,1.95757970732323,0.667541630024503,0.712567522902877,0.480069192952635,0.428340228489296,0.299066086175519,0.368437176395484,1.22615197856946,142.623726852295,9.45083953981896,0.0174589440724647,0.0590835299261003,0.184305978388207,2.01695541113938,0.430583957777287,0.378977586147889,0.310890250347439,152.688106583251,0.750225754206118,0.894245515382183,0.0175238683621392,0.0243366367560421,0.0368382734913323,0.0565344455800986,0.081764683890186,0.156409400843316,0.291980767596127,0.246635712451248,0.138743451787083,0.252759618037323,0.197297916561504,0.131945115836126,0.0129609426417291
3.43036934004268,4.16835355536724,4.84214296283544,5.4809131919293,4.6300930785315,4.40708368285257,2.79725753000645,4.01838735064316,13.0562430910672,0.895584671889188,1.95027737865406,0.643369952341921,0.698464111516539,0.45325751066197,0.413309693730139,0.295676630910831,0.353339458720778,1.1476817296326,141.176371851904,9.26171075566646,0.0188229143298726,0.053042950540925,0.193455829158326,2.35862351395804,0.409937723988927,0.340613466667193,0.269498490575624,153.930911472128,0.750439539112901,0.907764479782149,0.0190090780256984,0.0251527040903766,0.0339197981768524,0.0565614494549029,0.0787228575916738,0.154780055264795,0.296269067061573,0.238030227917545,0.0727637303937007,0.130870774759261,0.315563004624621,0.20885935890176,0.00675020302156525
3.6461064179076,4.05225593286216,4.93746623316395,5.58209075765132,4.52369695424435,4.55488305500808,2.66950243245191,4.01999609547176,13.1135452267078,1.03549375448647,2.00449103547151,0.678756405489748,0.736303657054207,0.494342376687777,0.443727447983356,0.31001579832963,0.364674997289635,1.18508849530683,143.812326402441,8.61053994139782,0.0190988806863167,0.0644539949256723,0.190392245659465,2.33903364492381,0.414813320851454,0.407856355111983,0.302001818113405,159.49803823628,0.746152086510602,0.95070540098286,0.0151408194891103,0.0222847415547783,0.0290508327345748,0.0576927834184109,0.0839592168255804,0.160610898292622,0.287768873574533,0.233919100044791,0.0941980713975763,0.125254419125066,0.306865094677784,0.0562477064407064,0.253645799732295
3.06762779041174,4.1846479222023,4.85073301965642,5.3244642066999,4.52717978416964,4.30817260196729,2.65817964839001,3.93886916315957,12.9736495105804,0.945401071954669,1.91165855366409,0.650331009804528,0.706844718228952,0.457740582624896,0.423042648413376,0.297659033147046,0.350245131353098,1.20807679282637,143.818698663637,8.45400660926634,0.0176073117977713,0.0565607934147806,0.192848899754055,2.07827830392753,0.44789890318812,0.366828178186279,0.299216761951097,156.92592618619,0.740390717403587,0.958046915466809,0.0161472345233228,0.0189313194893799,0.0303704716712055,0.0580034826313137,0.0804953380049221,0.164304720202136,0.288306320811092,0.234952273195159,0.0638220045953181,0.142731865640411,0.246561316419699,0.217208630918222,0.160256135173705
3.66212554506862,3.8157719136723,4.73250315936649,5.02660903342602,4.22231985389351,4.03893258426304,2.56527950869321,3.68471967843439,12.7032936800463,0.959037894223529,1.96082430810216,0.695584058798165,0.76396237519033,0.497277315409915,0.437723003070063,0.302152089160118,0.373418474536278,1.23180805645022,142.760978955496,8.60044106900096,0.0171978147083713,0.0631803563342506,0.175448388487182,2.141594738917,0.49149591302562,0.355662120614223,0.303816968488266,158.842569490925,0.731172782813404,0.947026326884923,0.0193648494394888,0.023882937781397,0.033461977306286,0.0584054179115138,0.0848694655001561,0.156713291391096,0.273864113563651,0.226017571073707,0.197980555723451,0.04206732419315,0.371365281944431,0.0245213145000387,0.169261927344194
3.21941612917704,3.29503303260722,4.02249812665319,4.48260010032444,3.79539170003646,3.4899795486883,2.25083819676248,3.36110666040349,10.9454820210193,1.30260398853827,2.58550877952644,0.869885494337106,0.953396591902535,0.610255070095767,0.56161769805604,0.390838337845035,0.486663911775554,1.57665235405142,145.62240228879,7.41056750754029,0.0188847867538719,0.0742959535890019,0.267345884996194,2.12065083776281,0.405427675682439,0.529833455981313,0.41149920915955,153.330810730013,0.600613592774845,0.828743653042658,0.018122203859027,0.0301414789248989,0.0400978092589497,0.0622693399049408,0.0934626192234651,0.178347948335603,0.269481189554116,0.271716937916376,0.14950337403806,0.120325596040083,0.248059151222286,0.262015734111375,0.115564442253486
3.21156703002684,3.44479538554168,4.11914602432404,4.55414246951633,3.72244427487495,3.65637175642489,2.31434637542226,3.36076977237925,10.9578157974286,1.36326704432074,2.66160414744237,0.879116319275237,0.955355793988778,0.635401067894322,0.582745571029331,0.409914228825274,0.506751603255439,1.62696510650623,143.909925409971,6.7845389899148,0.0178841719116611,0.079586442499447,0.239871696726413,2.37685300086347,0.403491389419617,0.458683430090288,0.350410509415766,157.16603812013,0.615516074215437,0.866918352392446,0.0167967141448978,0.0252288024535511,0.033250201871537,0.0612313743868735,0.0858719647449154,0.164566060291225,0.267236574765497,0.267678487557813,0.062742527507707,0.341019669695351,0.368816196610954,0.0319348309424205,0.115386883149953
2.88695088412268,3.42775502699392,4.09326942650349,4.66949083253375,3.69899425928926,3.63429450957174,2.28854762360942,3.39010232631763,10.9032462893032,1.02034587012534,2.02947126683503,0.673885995269584,0.745926247387112,0.486173174294949,0.439770542617872,0.312489290912432,0.379314272978085,1.22514004200087,144.98170605763,5.96364086624352,0.0166324076916105,0.0699554121261337,0.240674215409603,2.00832677356788,0.467066726923397,0.467100950041861,0.358807942627205,154.75432833363,0.644452619990989,0.879536958336784,0.0187132710204467,0.0235785859174804,0.0363460220855525,0.064436898349454,0.0843578305717452,0.168933452772603,0.262539949143594,0.274070064538999,0.0760491885033884,0.25244501459607,0.398494036058083,0.0274780439807051,0.0323851576429752
2.8298864106843,3.38038871289475,3.95556837552735,4.59964738057183,3.60604559859237,3.50303859924647,2.15506752929202,3.36229236760392,11.2016087632368,1.0555070268964,2.10242585741493,0.69919280064815,0.794893530339624,0.51508851058812,0.46633860209129,0.329847321193878,0.410003090926506,1.30139263113765,145.935883619576,5.88088360588465,0.0166267682151462,0.0709467728893246,0.225052466418027,2.03992660482445,0.418034585815151,0.426956120395339,0.298262667544808,154.66995212792,0.660755880139244,0.920496809686346,0.0180434508028227,0.026463057140348,0.0401432357012641,0.0593897977313403,0.0927625431958686,0.173342307540965,0.271470988485829,0.273424176643513,0.137693768148268,0.524390317659098,0.0491393323113579,0.0210657931055573,0.144847591904745
3.369601315017,3.38895559603058,4.05768919638639,4.43244229352139,3.78662847842036,3.67191375705769,2.26406329579014,3.25745208768089,10.9311629170856,1.37258074705185,2.7751495185776,0.959216339590317,1.04075710266805,0.676940247986623,0.601348277901428,0.429515783457367,0.509851900587477,1.70204438755962,145.484137747418,5.40789973211152,0.0180073907841172,0.0547084757363624,0.210075498521866,2.00442994635026,0.464967867484442,0.331343637399999,0.293435624276215,155.31848450217,0.677636996254585,0.952701487664504,0.0172731373600771,0.0230996705085883,0.0342426047927871,0.0580537793516707,0.0855957096701391,0.164282252900376,0.280149470954782,0.257280037418917,0.0519610420921124,0.449284945854833,0.166425898100079,0.0083578744916454,0.0188683713878762
3.29177697079388,3.4040239567015,4.10179812727006,4.47750762490358,3.81471483259469,3.56971579503348,2.31927086105735,3.32204033315622,10.8463056049131,1.29309223826118,2.62492876747837,0.89752167907,0.953260646339942,0.630952506234781,0.556049065609705,0.41068287732205,0.486237659428511,1.55564540214518,143.15932714757,5.19273950212727,0.0178367284503956,0.0793204945875912,0.215649084205833,2.17710325345926,0.466108909036548,0.39065354768886,0.336444277376488,155.492294340397,0.665707491593678,0.931508350579654,0.0171911923622727,0.0219573397788632,0.0351210277566027,0.0618633744446807,0.0905030532293531,0.155083286356314,0.276750711725405,0.272753006344395,0.118842812242412,0.251621101845772,0.262107041412278,0.0259552460502769,0.035818353809022
3.05536402761413,3.16483013923288,3.8236661961636,4.23657574999365,3.63312298758945,3.36586684177337,2.12250120804887,3.11684749328598,10.7041541545059,1.23974293963957,2.48382401283865,0.85363401323645,0.946130168451781,0.606039198444956,0.552198374184092,0.384896387326558,0.462345365357931,1.5137279108979,141.665421207883,5.29553951021489,0.0176673622169973,0.0823031964186919,0.211786099875317,2.04761749264214,0.543180536707532,0.353387457184404,0.298991493773686,153.103481081301,0.681883062041441,0.954019897547018,0.0161729331554059,0.0266351209510242,0.0328255188455876,0.0590993965076529,0.0804004219762696,0.159456374486514,0.285539843628922,0.267429927621623,0.0459792542792664,0.337506065382391,0.277445268958514,0.0960926426078847,0.0443611875256214
2.684208139459,3.28202568379617,4.05307651186589,4.21656162561394,3.564225181779,3.46567960637857,2.17363276304109,3.36372832245996,10.9018422608844,1.14252973473073,2.13998183178955,0.738734590808242,0.809176606241306,0.535897743271915,0.476677758308171,0.325693942477894,0.411245034472346,1.35327368004456,140.863233609109,5.88729542678511,0.0174796867293212,0.07467068780669,0.226195096706961,2.16376024480977,0.590435218988487,0.406185495069268,0.317027549069285,150.566696889302,0.663472685549715,0.959036825245938,0.0162524989422284,0.0240895639304555,0.0336373129361473,0.0622703039585015,0.0863949684401405,0.157713397005344,0.289481380906824,0.270593792635831,0.0866171475678226,0.472495198937725,0.0817769961962841,0.194431291394779,0.00844036122333935
2.84982222256948,3.39554915215581,3.94822701469072,4.24910218425959,3.70057871849798,3.58620242725818,2.27376525632732,3.2498053085942,10.7558962688949,0.976015126720242,1.92448380071021,0.648496299874722,0.69708795429819,0.455886236777012,0.408860816062864,0.289089000598732,0.357937556374431,1.18286474874054,143.410796513765,6.15255143660597,0.0146817788916939,0.0689820559023576,0.235400687147348,2.20161164230007,0.622577180539521,0.480286874764673,0.319471533516635,154.838325472519,0.674835227157857,0.941819700816654,0.0177641674408534,0.0266248708219484,0.0357030289490978,0.0620742521982842,0.0856554296243031,0.161438519937424,0.279260153496433,0.270930903752647,0.130371591818222,0.245541777776028,0.412636541090394,0.00881097110458132,0.0064666970603486
2.99977666836645,3.3838461861884,4.13596128959152,4.44169160360479,3.67922944305724,3.59611625474776,2.10943151024278,3.48979723606046,10.8202921720835,0.920826430565417,1.78921496639702,0.587359058613685,0.639946800299744,0.415657685599125,0.388134742604879,0.266432566147966,0.342499681624346,1.04082713518569,142.821289483083,6.14007521521738,0.0149330256538106,0.081874980945081,0.250220922841681,2.00845439969047,0.637232733779256,0.487803182868869,0.313842340220188,153.038326706621,0.67605591356806,0.949285165563153,0.0182073534006892,0.0228276646977332,0.0390424284991817,0.0597352891467611,0.0836756371360945,0.167097309714675,0.295355254906943,0.262188581429437,0.0959727051000657,0.250195989641182,0.164636526277162,0.120981390558913,0.252010221024545
2.97587214979157,3.30908971680175,3.93499149059993,4.37238541579087,3.59606433315901,3.49985507380067,2.12329790026471,3.16150309738981,10.5506460610196,0.91232772163136,1.89985402952797,0.627997780785562,0.6826486341223,0.426458315502207,0.403215377803676,0.284488860262781,0.33342697902796,1.1617582417559,143.618180596287,6.16709102675544,0.0156029457747015,0.0803305984554708,0.260019056036074,2.13428969675141,0.642784537993544,0.548918672404004,0.452874901580571,155.162246174371,0.664937418494039,0.918240362470973,0.0164939294968107,0.0233441283026105,0.0374339126763241,0.0634647009851561,0.0798517373407285,0.163358410829119,0.285724824798594,0.263370577267277,0.0660583516099148,0.522357598626147,0.19954740823139,0.0868727416879561,0.00431238684712206
2.90726166534318,3.3446673970651,4.03923742739534,4.42413197103815,3.67736510281989,3.56576210298128,2.09199685732128,3.19530626599756,10.9983146662291,0.989655649965516,2.00439766511859,0.667060597504224,0.715836934187109,0.468843602756329,0.423695671642135,0.292725672761478,0.364580138843464,1.20605171713764,140.942932570328,6.28896755295105,0.016342075883683,0.0854730519042407,0.276039022838904,2.05020690870281,0.667316598185464,0.528223177206261,0.46332842149766,153.412572902367,0.667475401542715,0.904569386770057,0.0148219151174259,0.0269385376398177,0.0349986172069478,0.0566723843998715,0.087800928685566,0.160131524395663,0.284046444347266,0.257486218813222,0.171047434254238,0.180235251079365,0.202679427650871,0.201040301876925,0.0869802321789055
3.18136069008733,3.70856559486184,4.32571159940019,4.7654882694951,3.92560284019661,3.90107364211498,2.36925855096138,3.57512908008446,11.5442692549666,0.912015802236302,1.81850842550406,0.599411355189671,0.656550145663722,0.431839131860033,0.400124769757521,0.286556162324819,0.340027590207117,1.11653661016997,141.349201172565,6.0039916793927,0.0151630590660424,0.0786121171762614,0.268900954471306,2.05073436244866,0.67152605993455,0.486069816427888,0.398557287644005,153.408151867081,0.666210801497591,0.925488106865218,0.0170772314807585,0.0276343625593822,0.035072818573415,0.0621065763328819,0.0871080568743858,0.16198496698524,0.285790740788496,0.264876131649424,0.051022290651002,0.508945588438824,0.239166017179842,0.0305855030503238,0.114614231517907
2.93937988130834,3.41559150049058,4.44041610474938,4.71283485820143,3.97608890135939,3.87251522371253,2.53306083560702,3.6819576836774,12.2260347735973,0.832536675368261,1.64041201571383,0.552836262790462,0.607939424766763,0.400505486723769,0.353315620672398,0.262464947782083,0.313583678002455,1.00757476935019,141.44133296262,6.17510914133144,0.0152750223279348,0.0978555606148529,0.273147646629484,2.0388957742977,0.646028152865868,0.526418188597307,0.396394242917496,155.851052907771,0.684923996525294,0.915436726035095,0.0167695935690802,0.0300122050073119,0.034709766375392,0.0571582219575794,0.0943538278735873,0.161743755629018,0.290165592499392,0.266651901383266,0.115572811219774,0.29821208088598,0.420003728734138,0.0281630253672982,0.0914235363376416
3.09673976594712,3.76943808479413,4.5548858335778,4.8875039263745,4.03446442250359,3.96738843532278,2.48913750331823,3.75943142426839,12.5101808775938,0.941812108051289,1.83690474434318,0.612647825412319,0.68819676699998,0.429054167330939,0.401586986989373,0.288634819909414,0.347500884717472,1.14418813486103,140.619749247057,6.01260696554904,0.0152970490418507,0.0958839757067184,0.311214828552612,2.27435069616397,0.618977464572361,0.51242433468256,0.41102025419309,157.104574201124,0.697566170568377,0.862925785078201,0.0175412452381162,0.0278662337293897,0.0352242029270316,0.0605124518184122,0.0956287603151618,0.159411118530818,0.28694743966289,0.249887035031558,0.0427722330031915,0.394699769986635,0.29015382516793,0.0646123206213945,0.0487117223108788
3.28416484778212,3.75010844711333,4.60778253462181,5.1939025623921,4.24542160303664,4.10554649849959,2.4040414133813,3.7552972926359,12.1951955931319,1.00266016412279,1.93042147691237,0.64426882953423,0.712649613389956,0.47945315241807,0.429354498457652,0.297960988814819,0.363437841265381,1.18143612538277,141.948248643671,5.99055334840676,0.0161584433528169,0.0936804847026048,0.296571159391928,2.02760457487462,0.643842787090173,0.492982655458885,0.460386326158917,153.204672301546,0.714171598729098,0.871486190147902,0.0191071552225093,0.0291392349207055,0.03694507081328,0.0601170391394713,0.0856058995690595,0.168802343886988,0.293551298360265,0.266660470992356,0.166254390036232,0.175728825100638,0.26306340866875,0.2371796789452,0.0579594686634153
3.50951250817792,3.7442458552668,4.32726723638312,4.86773840131909,4.01860794861093,3.90501451336919,2.41533140150342,3.67494431159533,12.401690889865,0.916349188285206,1.88045283948746,0.62748422860986,0.696006241937185,0.435399472430586,0.407351672639525,0.290301274110554,0.346857743341607,1.18477418113944,141.335907588874,6.46690590035174,0.0166745427664583,0.0978594102419002,0.266561588078417,2.02471273466628,0.63669400313997,0.468144820221282,0.401363717818173,152.524790049393,0.709991568473038,0.937383119467472,0.0195547597010666,0.0255799126719289,0.0388315868499458,0.0659945697475093,0.0865206700631544,0.159346329591156,0.293400246182917,0.265697095120093,0.169512956659355,0.0773082192267902,0.291814911296051,0.200750053176038,0.177556103904302
3.34590342795529,3.88175326197415,4.62419473079199,5.12392384064444,4.1782185310151,4.06180810331714,2.58381087627127,3.75931348385494,12.5606292116266,0.979413275760946,1.91386001610164,0.634298225039593,0.686455685562947,0.455212249293281,0.410140763949828,0.304363025077285,0.357451086319,1.16998918830669,142.681249380577,6.76106329563166,0.0158049104204898,0.0828014495003705,0.278095031646443,2.05432978364786,0.68384691092882,0.47616364282869,0.412784845363126,158.98296686984,0.715806547993849,0.955914930263072,0.0213962420524347,0.0292119902107446,0.0371204509134429,0.0640702155063036,0.0918321352470588,0.15644828297091,0.299020091618228,0.261206553144676,0.0511465223009603,0.458510280599685,0.197983623365475,0.0691574956722903,0.147703304312075
3.71668464950016,3.85729331536168,4.69298171536369,5.19864643078065,4.38551181612835,4.20453414470121,2.65148747695538,3.88527368470628,12.5594383349473,0.918968855017732,1.77817710392162,0.598294305942847,0.648630525508702,0.427338141182925,0.387851137795788,0.276297890519541,0.33715694199279,1.08231977294432,142.134325961709,6.52986738062752,0.0130760627388872,0.0797230546197857,0.272444652136886,2.24700744871903,0.640862039200212,0.435402485563989,0.396456763849217,159.676051788105,0.714008502844189,0.934572142040316,0.0210542289529388,0.0253239371167449,0.0346230959318376,0.0630086691458734,0.0945747970705067,0.161516973294504,0.301257133752145,0.268213759346796,0.171612462791204,0.207319429829954,0.224694974809998,0.166258011939049,0.138554592479153
3.51076561993698,4.01535835927973,4.66726759752843,5.09265032842662,4.24599335550394,4.13443975092575,2.56881637915564,3.81961289207989,12.5347707707953,0.75682211847922,1.44074920148978,0.477400226897837,0.518604558765765,0.334618531464798,0.310707626992732,0.222498993253758,0.270856309844072,0.892485832878602,141.546605199811,6.52006998277081,0.0124537990645093,0.0756055649871009,0.26812467181974,2.232800196729,0.624042834427497,0.485426230648148,0.399492446648947,159.382707330287,0.709356767486901,0.958433450832281,0.0182933057440295,0.0261477040299672,0.0340483400630383,0.0584285524852294,0.0886479112107132,0.170528800301336,0.287345239692542,0.263498457142445,0.130033467277758,0.0756828483455399,0.522890772725569,0.0823524559765019,0.0452395104214332
